Country.of.Origin,Number.of.Bags,Bag.Weight,Aroma,Flavor,Aftertaste,Acidity,Body,Balance,Uniformity,Clean.Cup,Sweetness,Cupper.Points,Total.Cup.Points,Moisture,altitude_mean_meters
Ethiopia,300,60,8.67,8.83,8.67,8.75,8.5,8.42,10,10,10,8.75,90.58,0.12,2075
Ethiopia,300,60,8.75,8.67,8.5,8.58,8.42,8.42,10,10,10,8.58,89.92,0.12,2075
Guatemala,5,1,8.42,8.5,8.42,8.42,8.33,8.42,10,10,10,9.25,89.75,0,1700
Ethiopia,320,60,8.17,8.58,8.42,8.42,8.5,8.25,10,10,10,8.67,89,0.11,2000
Ethiopia,300,60,8.25,8.5,8.25,8.5,8.42,8.33,10,10,10,8.58,88.83,0.12,2075
Brazil,100,30,8.58,8.42,8.42,8.5,8.25,8.33,10,10,10,8.33,88.83,0.11,NA
Peru,100,69,8.42,8.5,8.33,8.5,8.25,8.25,10,10,10,8.5,88.75,0.11,NA
Ethiopia,300,60,8.25,8.33,8.5,8.42,8.33,8.5,10,10,9.33,9,88.67,0.03,1635
Ethiopia,300,60,8.67,8.67,8.58,8.42,8.33,8.42,9.33,10,9.33,8.67,88.42,0.03,1635
Ethiopia,50,60,8.08,8.58,8.5,8.5,7.67,8.42,10,10,10,8.5,88.25,0.1,1822.5
Ethiopia,300,60,8.17,8.67,8.25,8.5,7.75,8.17,10,10,10,8.58,88.08,0.1,1905
United States,10,1,8.25,8.42,8.17,8.33,8.08,8.17,10,10,10,8.5,87.92,0,1872
United States,10,1,8.08,8.67,8.33,8.42,8,8.08,10,10,10,8.33,87.92,0,1943
United States (Hawaii),1,1,8.33,8.42,8.08,8.25,8.25,8,10,10,10,8.58,87.92,0,609.6
Ethiopia,300,60,8.25,8.33,8.5,8.25,8.58,8.75,9.33,10,9.33,8.5,87.83,0.05,1635
United States,10,1,8,8.5,8.58,8.17,8.17,8,10,10,10,8.17,87.58,0,2080
Indonesia,1,2,8.33,8.25,7.83,7.75,8.5,8.42,10,10,10,8.33,87.42,0.03,1500
Ethiopia,150,6,8.17,8.33,8.25,8.33,8.42,8.33,9.33,10,9.33,8.83,87.33,0.05,NA
China,3,60,8.42,8.25,8.08,8.17,7.92,8,10,10,10,8.42,87.25,0.1,1450
Ethiopia,250,60,8.17,8.17,8,8.17,8.08,8.33,10,10,10,8.33,87.25,0,1850
United States,10,1,8,8.25,8.08,8.5,8.25,8,10,10,10,8.17,87.25,0,2019
Costa Rica,250,3,8.08,8.25,8,8.17,8,8.33,10,10,10,8.33,87.17,0.11,1300
Mexico,14,1,8.17,8.25,8.17,8,7.83,8.17,10,10,10,8.58,87.17,0.13,1320
United States,10,1,8.25,8.33,8.17,8.17,7.83,8.17,10,10,10,8.17,87.08,0,2112
Ethiopia,100,60,8.42,8.17,7.92,8.17,8.33,8,10,10,10,8.08,87.08,0.11,NA
Brazil,3,60,8.5,8.5,8,8,8,8,10,10,10,7.92,86.92,0.12,1250
Ethiopia,150,6,7.83,8.25,8.08,8.17,8.17,8.17,10,10,10,8.25,86.92,0.05,NA
Uganda,100,60,8.42,8.17,8.17,8.17,7.83,7.92,10,10,10,8.17,86.83,0.12,1950
Honduras,275,69,8.17,8.08,8.08,8,8.08,8,10,10,10,8.25,86.67,0.1,1400
Taiwan,20,50,8,8,8,8.25,8,8.17,10,10,10,8.17,86.58,0,1200
Nicaragua,275,6,7.92,8.25,8,8.33,8,8.08,10,10,10,8,86.58,0.08,NA
"Tanzania, United Republic Of",100,60,8.42,8.17,8.17,8,7.58,8,10,10,10,8.17,86.5,0.11,NA
Brazil,29,60,8.5,8.17,8,7.75,8,8,10,10,10,8,86.42,0.12,1300
Costa Rica,250,2,8.17,7.83,8,8.08,7.83,8,10,10,10,8.42,86.33,0,1300
Ethiopia,320,60,8,8.08,7.92,8,8.08,8.08,10,10,10,8.08,86.25,0.1,1775
Kenya,320,1,8.08,8,8,8.25,7.92,7.92,10,10,10,8.08,86.25,0.12,1800
United States (Hawaii),10,100,8.08,8.17,8,7.92,7.92,7.83,10,10,10,8.33,86.25,0,NA
United States (Hawaii),25,100,8.25,8.42,8.08,7.75,7.67,7.83,10,10,10,8.25,86.25,0,NA
Ethiopia,300,6,7.92,7.75,8.08,8.08,8.08,8.17,10,10,10,8.17,86.25,0.1,NA
United States,10,1,7.67,8.17,8,8,8.17,8.08,10,10,10,8.08,86.17,0,1941
Thailand,53,1,7.83,8.33,7.83,8.25,7.58,7.92,10,10,10,8.42,86.17,0.1,1300
Brazil,300,60,8.17,7.92,7.92,7.75,8.33,8,10,10,10,8.08,86.17,0.08,12
Brazil,300,60,8.42,7.92,8,7.75,7.92,8,10,10,10,8.17,86.17,0.01,12
Taiwan,10,15,8.08,8.17,7.75,8.08,7.75,7.83,10,10,10,8.42,86.08,0.12,1000
Kenya,12,60,8.08,8.08,8,8,7.83,8.08,10,10,10,8,86.08,0.11,1754
Brazil,7,60,8.33,8,8,8,7.75,8,10,10,10,8,86.08,0.11,1250
Uganda,1,60,8.08,8.08,7.83,7.92,8.08,7.92,10,10,10,8.08,86,0,NA
Colombia,1,2,7.75,7.92,7.83,8.08,8.08,8.17,10,10,10,8.17,86,0.12,1200
Kenya,1,1,7.92,8.17,7.83,8.5,7.5,7.92,10,10,10,8.17,86,0.11,1860
Uganda,1,60,8.25,8,7.83,8.08,8,7.92,10,10,10,7.92,86,0.1,1650
Ethiopia,300,6,7.75,8.08,8,8.25,8,8,10,10,10,7.92,86,0.01,1750
United States (Hawaii),1,2,8.33,8.17,7.75,8,7.75,7.83,10,10,10,8.17,86,0,426.72
Guatemala,80,69,7.92,8.08,7.92,8.08,8.08,7.83,10,10,10,8,85.92,0.1,NA
Uganda,1,60,8.17,8.17,7.92,8.08,7.83,7.75,10,10,10,8,85.92,0.12,1650
Colombia,275,70,8,8,8,8.17,7.83,8,10,10,10,7.92,85.92,0,1800
Panama,37,60,8,8,7.92,8.08,7.83,8,10,10,10,8,85.83,0.08,1600
Ethiopia,320,60,7.83,8.08,7.92,8.08,8,7.92,10,10,10,8,85.83,0.1,1900
Guatemala,150,1,7.83,8,8,8.17,7.83,8,10,10,10,8,85.83,0.12,1524
Guatemala,275,1,8,8,7.83,8.33,7.83,7.83,10,10,10,8,85.83,0.1,1417.32
Ethiopia,320,19200,7.83,8,7.83,8.17,7.92,8,10,10,10,8,85.75,0.09,NA
Peru,280,5,8,8,8,8.08,7.92,7.75,10,10,10,8,85.75,0.1,NA
Papua New Guinea,7,60,8.33,8.42,7.83,8.33,8,8.25,9.33,9.33,10,7.92,85.75,0.12,1700
El Salvador,275,2,7.92,8.17,8,7.92,7.75,7.83,10,10,10,8,85.58,0.1,1500
El Salvador,19,1,7.83,8,8,7.75,7.92,8.17,10,10,10,7.92,85.58,0.11,1350
United States (Hawaii),8,100,7.83,8,7.92,7.75,8.08,8,10,10,10,8,85.58,0,NA
Panama,100,60,8,7.75,7.83,7.83,7.67,8.58,10,10,10,7.83,85.5,0.09,1680
Kenya,16,60,7.92,7.92,7.83,8.08,7.83,7.92,10,10,10,8,85.5,0.1,1900
Ethiopia,320,60,7.83,8,7.83,7.92,7.83,8.08,10,10,10,8,85.5,0.12,1900
Uganda,320,60,8.33,7.92,7.67,7.92,7.67,7.92,10,10,10,8.08,85.5,0.12,1600
Guatemala,250,69,8,7.83,7.67,8.33,7.83,8,10,10,10,7.83,85.5,0.11,1731.264
Ethiopia,320,60,7.75,7.83,7.83,8.17,7.92,7.83,10,10,10,8.08,85.42,0.1,1900
Uganda,150,60,8.08,8,7.83,7.67,8,7.83,10,10,10,8,85.42,0.12,1950
United States (Hawaii),8,100,7.92,7.92,7.75,7.92,7.75,7.92,10,10,10,8.25,85.42,0,NA
Brazil,5,60,8,8,8,7.67,7.75,8,10,10,10,8,85.42,0.11,1250
El Salvador,2,1,8.08,7.83,7.83,8.08,7.83,7.83,10,10,10,7.92,85.42,0.01,1400
China,3,60,8,8,8,7.83,7.83,7.75,10,10,10,7.92,85.33,0.1,1700
Guatemala,36,30,7.83,7.75,7.83,7.67,7.83,8.58,10,10,10,7.83,85.33,0.11,1770
Costa Rica,250,3,7.92,8.08,8,7.92,8,8.08,10,10,9.33,8,85.33,0,1300
Costa Rica,250,3,8,7.58,7.58,7.67,8.08,8.5,10,10,10,7.92,85.33,0.1,1300
Kenya,20,60,7.83,8.08,7.75,8.08,7.92,7.75,10,10,10,7.92,85.33,0,1600
Kenya,300,60,8,7.92,7.92,8.08,7.83,7.75,10,10,10,7.83,85.33,0,1200
Ethiopia,360,6,7.83,7.83,7.92,8.08,7.75,7.83,10,10,10,8.08,85.33,0.05,NA
Ethiopia,300,6,7.92,7.83,7.75,8.33,7.75,7.75,10,10,10,8,85.33,0.1,NA
Guatemala,250,69,8,7.92,7.75,8,7.92,7.83,10,10,10,7.83,85.25,0.1,NA
Colombia,275,70,8.17,7.92,7.83,8,7.58,7.83,10,10,10,7.92,85.25,0.11,1550
Colombia,250,70,7.58,8.08,7.92,7.83,8,7.92,10,10,10,7.92,85.25,0.12,1550
Indonesia,54,60,7.75,7.83,7.67,8,8.08,7.83,10,10,10,8,85.17,0.11,1325
Guatemala,250,1,8.25,8,7.67,7.92,7.75,7.67,10,10,10,7.92,85.17,0,1400
Ethiopia,320,19200,7.75,8,7.58,8,8,7.92,10,10,10,7.83,85.08,0.11,NA
Colombia,250,70,8.17,7.83,7.58,8.08,8,7.75,10,10,10,7.67,85.08,0,2560
Ethiopia,100,60,8.42,8,7.42,8,7.92,7.92,9.33,10,10,8.08,85.08,0.1,1700
United States (Hawaii),12,100,7.58,7.83,7.83,7.92,7.83,8.17,10,10,10,7.92,85.08,0.11,NA
Colombia,250,70,7.83,8,7.75,7.75,7.83,7.83,10,10,10,8.08,85.08,0.11,2136
United States (Hawaii),13,100,8.08,8.17,7.92,8,8.08,8,9.33,9.33,10,8.17,85.08,0.01,NA
Ethiopia,360,6,7.67,8,7.83,8,7.92,7.83,10,10,10,7.83,85.08,0,NA
United States (Hawaii),27,0,7.5,7.92,8.25,7.83,7.92,7.75,10,10,10,7.92,85.08,0,NA
Uganda,200,60,8.17,7.92,7.75,7.75,7.67,7.75,10,10,10,8,85,0.11,1800
Colombia,135,70,8,7.92,7.75,7.92,7.75,7.83,10,10,10,7.83,85,0,NA
Costa Rica,36,46,7.83,8,7.58,7.92,7.92,7.83,10,10,10,7.92,85,0.12,1900
Mexico,1,30,7.83,8,7.83,7.75,7.67,7.83,10,10,10,8.08,85,0.09,1300
Kenya,170,60,8.17,7.83,7.92,7.75,7.67,7.83,10,10,10,7.83,85,0.11,1
Kenya,38,60,7.75,7.83,7.75,8.08,8,7.75,10,10,10,7.83,85,0,1580
Brazil,31,60,8,8,7.83,7.83,7.67,7.67,10,10,10,8,85,0.12,1100
Mexico,1,1,7.92,8.17,7.75,8.08,7.42,7.83,10,10,10,7.83,85,0,1400
United States (Hawaii),15,100,7.75,7.92,7.75,7.75,8,8,10,10,10,7.83,85,0,NA
Guatemala,275,69,7.83,8.08,7.67,8,7.75,7.67,10,10,10,8,85,0.04,1325.88
Colombia,243,70,7.92,7.92,7.67,7.83,7.92,7.83,10,10,10,7.83,84.92,0,NA
Colombia,252,70,7.92,7.83,7.75,7.83,7.75,8,10,10,10,7.83,84.92,0.12,1775
Taiwan,20,40,7.67,7.83,8,7.58,8,7.92,10,10,10,7.92,84.92,0.11,800
"Tanzania, United Republic Of",134,60,8,7.83,7.83,7.92,7.75,7.75,10,10,10,7.83,84.92,0.12,1620
Colombia,50,70,7.75,7.92,7.83,7.75,7.75,8,10,10,10,7.92,84.92,0.11,1775
Mexico,25,1,7.75,8,7.75,7.83,7.5,7.92,10,10,10,8.17,84.92,0.11,1200
Brazil,4,60,8,7.92,7.75,7.75,8,7.75,10,10,10,7.75,84.92,0.11,1200
Brazil,10,60,8,8,7.75,8,7.5,7.75,10,10,10,7.92,84.92,0.12,1000
Kenya,320,60,8,7.67,7.83,8.17,7.92,7.75,10,10,10,7.58,84.92,0.06,NA
Taiwan,10,20,7.92,7.58,7.83,7.83,7.83,7.83,10,10,10,8,84.83,0,350
Uganda,1,60,7.75,7.92,7.67,7.67,8.25,7.75,10,10,10,7.83,84.83,0.12,1650
United States (Hawaii),14,100,7.67,7.75,7.75,7.75,7.83,8,10,10,10,8.08,84.83,0,NA
Ethiopia,300,6,7.75,7.92,7.83,7.92,7.75,7.67,10,10,10,8,84.83,0.1,1750
Ethiopia,300,6,7.42,7.92,7.92,8,7.83,7.83,10,10,10,7.92,84.83,0.1,1750
Thailand,50,50,7.75,7.75,7.75,7.75,8,7.75,10,10,10,8,84.75,0.12,NA
Kenya,150,60,7.92,7.83,7.58,7.92,7.75,7.83,10,10,10,7.92,84.75,0.13,1800
Honduras,275,1,7.83,7.75,8,7.67,7.67,7.67,10,10,10,8.17,84.75,0.11,1450
El Salvador,250,69,7.75,8,8,8.33,7.67,7.92,10,10,9.33,7.75,84.75,0.15,1200
Nicaragua,2,6,7.83,7.58,7.58,7.83,7.75,7.67,10,10,10,8.5,84.75,0.18,925
El Salvador,150,69,7.83,7.83,7.5,8,7.83,7.67,10,10,10,8,84.67,0,1350
Indonesia,2,1,7.92,7.83,7.75,7.75,7.75,7.75,10,10,10,7.92,84.67,0.12,1200
Japan,20,1,7.75,7.75,7.75,7.42,8.08,7.83,10,10,10,8.08,84.67,0.12,170
Costa Rica,15,69,8.08,7.75,7.67,7.83,7.5,7.92,10,10,10,7.92,84.67,0.1,1150
Guatemala,120,34,7.75,7.83,7.58,8,7.92,7.75,10,10,10,7.83,84.67,0.1,1600
Costa Rica,50,1,8.17,8,7.83,7.17,7.83,7.75,10,10,10,7.92,84.67,0.12,1750
Ethiopia,250,30,8.08,7.83,7.75,7.83,7.58,7.67,10,10,10,7.92,84.67,0.1,1900
Costa Rica,20,69,7.67,7.58,7.75,7.75,7.67,8.58,10,10,10,7.67,84.67,0.08,1750
Costa Rica,275,1,8,7.58,7.83,7.75,7.75,7.75,10,10,10,8,84.67,0.11,1200
Costa Rica,1,2,8.08,7.83,7.75,7.83,7.92,8,10,10,9.33,7.92,84.67,0,NA
Taiwan,10,30,8,7.92,7.75,7.75,7.75,7.75,10,10,10,7.75,84.67,0.11,1000
Colombia,250,70,7.75,7.83,7.75,7.83,7.75,7.83,10,10,10,7.92,84.67,0,1550
Kenya,235,60,7.75,7.92,7.83,8,7.58,7.75,10,10,10,7.83,84.67,0.11,2000
Guatemala,250,1,8,7.83,7.67,7.83,7.67,8,10,10,10,7.67,84.67,0.11,1310.64
Guatemala,125,1,7.67,7.83,7.67,8,7.67,7.83,10,10,10,8,84.67,0.12,1524
Mexico,80,1,7.83,7.58,7.67,7.92,7.92,7.83,10,10,10,7.92,84.67,0.13,1200
Uganda,320,60,7.92,7.83,7.75,7.92,7.67,7.75,10,10,10,7.83,84.67,0.11,1775
Peru,1,60,7.67,7.83,7.75,7.75,7.92,7.83,10,10,10,7.92,84.67,0,NA
Ethiopia,300,6,7.42,7.75,7.75,8,8,7.92,10,10,10,7.83,84.67,0.2,1750
Kenya,66,60,7.92,7.75,7.83,7.75,7.58,7.92,10,10,10,7.83,84.58,0.11,1754
Colombia,250,70,7.83,7.67,7.58,7.92,7.67,7.83,10,10,10,8.08,84.58,0,1500
Colombia,125,70,7.92,7.83,7.58,8,7.83,7.67,10,10,10,7.75,84.58,0,NA
Kenya,100,60,7.83,7.83,7.83,7.75,7.58,7.83,10,10,10,7.92,84.58,0.1,1800
Guatemala,250,69,7.75,7.83,7.67,7.92,7.75,7.83,10,10,10,7.83,84.58,0.11,1524
Guatemala,250,69,8,7.92,7.67,7.58,7.58,7.67,10,10,10,8.17,84.58,0.09,1219.2
Colombia,250,70,7.67,7.67,7.58,7.75,7.58,8.5,10,10,10,7.83,84.58,0,1550
Colombia,75,70,7.75,7.75,7.83,7.75,7.58,8,10,10,10,7.92,84.58,0,1750
Kenya,11,660,7.75,7.75,7.75,8.08,7.75,7.75,10,10,10,7.75,84.58,0,NA
Colombia,250,70,7.67,7.83,7.83,8,7.58,7.92,10,10,10,7.75,84.58,0,1750
Costa Rica,1,1,7.75,7.83,7.75,8,7.83,7.67,10,10,10,7.75,84.58,0.12,1575
Colombia,250,70,7.42,7.67,7.75,7.75,8.08,7.83,10,10,10,8.08,84.58,0.11,1800
Brazil,37,60,8,8,7.75,7.75,7.58,7.75,10,10,10,7.75,84.58,0.12,1300
Brazil,35,60,8.5,8,7.5,7.75,7.5,7.83,10,10,10,7.5,84.58,0.11,1100
Costa Rica,275,18975,7.92,7.67,7.92,7.75,7.67,7.58,10,10,10,8,84.5,0.1,1200
Uganda,200,12000,7.92,7.75,7.67,7.75,7.83,7.75,10,10,10,7.83,84.5,0.11,1750
China,3,60,7.75,7.92,7.67,7.83,7.75,7.67,10,10,10,7.92,84.5,0.1,1680
Costa Rica,250,1,7.92,7.83,7.83,7.83,7.58,7.58,10,10,10,7.92,84.5,0.11,1700
Colombia,275,2,8.08,7.67,7.83,7.83,7.67,7.67,10,10,10,7.75,84.5,0.12,1800
China,1,2,7.67,8,7.75,7.83,7.75,7.58,10,10,10,7.92,84.5,0,1100
Guatemala,250,69,8.17,7.83,7.67,7.83,7.67,7.83,10,10,10,7.5,84.5,0.11,1310.64
Kenya,235,60,7.92,7.83,7.67,8,7.67,7.75,10,10,10,7.67,84.5,0.11,2000
Mexico,56,1,8,7.92,7.42,8.08,7.5,7.67,10,10,10,7.92,84.5,0.12,1350
Mexico,250,1,7.92,7.83,7.75,7.75,7.75,7.83,10,10,10,7.67,84.5,0.11,1500
Guatemala,250,69,7.67,8,7.67,8,7.5,7.83,10,10,10,7.83,84.5,0.11,NA
Brazil,27,60,7.81,7.81,7.88,7.75,7.38,8.25,9.5,10,10,8.13,84.5,0,NA
Brazil,320,60,8.17,7.67,7.75,7.75,7.67,7.75,10,10,10,7.75,84.5,0,NA
Costa Rica,275,69,7.58,7.83,7.83,8,7.67,7.58,10,10,10,7.92,84.42,0.1,1300
Indonesia,200,30,7.67,7.67,7.83,7.58,7.83,7.83,10,10,10,8,84.42,0,1400
Colombia,304,35,7.92,7.83,7.75,7.67,7.92,7.67,10,10,10,7.67,84.42,0,NA
Colombia,275,70,7.92,7.75,7.67,7.92,7.67,7.75,10,10,10,7.75,84.42,0,1775
Taiwan,2,2,7.83,7.83,7.75,8,7.5,7.75,10,10,10,7.75,84.42,0.11,1200
United States (Hawaii),5,100,7.92,7.92,7.5,7.83,7.5,7.92,10,10,10,7.83,84.42,0.11,NA
Mexico,69,1,7.75,7.92,7.75,7.67,7.83,7.67,10,10,10,7.83,84.42,0.12,900
Ethiopia,360,6,7.5,7.75,7.83,7.92,7.92,7.75,10,10,10,7.75,84.42,0.2,NA
Kenya,150,60,7.33,7.58,7.83,7.75,7.75,7.92,10,10,10,8.17,84.33,0.11,1800
Honduras,275,66,7.92,8,7.75,7.67,7.67,7.75,10,10,10,7.58,84.33,0.1,1500
Colombia,275,70,7.58,7.75,7.5,7.83,7.67,8.5,10,10,10,7.5,84.33,0,NA
Honduras,275,69,7.58,7.92,7.58,7.75,7.92,7.75,10,10,10,7.83,84.33,0.11,1500
Colombia,275,70,7.67,7.67,7.75,7.83,7.75,7.83,10,10,10,7.83,84.33,0,NA
Colombia,250,70,7.75,7.67,8,7.67,8.08,7.83,10,10,10,7.33,84.33,0.11,442
Colombia,275,70,7.75,7.58,7.33,7.83,7.58,8.08,10,10,10,8.17,84.33,0,1800
Mexico,100,80,8,7.75,7.75,7.83,7.5,7.67,10,10,10,7.83,84.33,0.12,1700
Brazil,75,60,8.17,8,7.5,7.75,7.5,7.67,10,10,10,7.75,84.33,0,1275
Brazil,80,60,8,8,7.5,7.5,7.67,7.75,10,10,10,7.92,84.33,0.02,1050
Ethiopia,1,132,7.75,7.75,7.92,7.75,7.5,7.92,10,10,10,7.75,84.33,0,1493.52
Guatemala,250,1,7.5,7.67,7.75,7.67,7.92,7.92,10,10,10,7.92,84.33,0.04,1386.84
Taiwan,10,5,7.92,7.75,7.75,7.67,7.67,7.83,10,10,10,7.67,84.25,0.12,1000
Thailand,20,25,7.83,7.75,7.75,7.42,7.83,7.67,10,10,10,8,84.25,0.12,1200
Colombia,275,70,7.83,7.58,7.75,7.58,7.67,8,10,10,10,7.83,84.25,0.11,2560
Guatemala,230,69,7.75,7.75,7.58,7.92,7.75,7.75,10,10,10,7.75,84.25,0.11,1500
Guatemala,275,69,7.75,7.92,7.5,8.08,7.58,7.67,10,10,10,7.75,84.25,0.1,1099.4136
China,3,60,7.83,7.83,7.58,7.75,7.75,7.75,10,10,10,7.75,84.25,0.1,1400
Colombia,275,70,7.67,7.67,7.75,7.75,7.67,7.92,10,10,10,7.83,84.25,0.11,1775
Colombia,248,70,7.83,7.67,7.75,7.58,7.92,7.75,10,10,10,7.75,84.25,0.12,1775
Colombia,275,2,7.83,7.75,7.83,7.58,7.67,7.75,10,10,10,7.83,84.25,0.12,1800
Colombia,250,70,7.42,7.67,7.83,7.75,7.92,7.83,10,10,10,7.83,84.25,0.12,442
"Tanzania, United Republic Of",10,60,7.83,7.67,7.75,7.83,7.67,7.67,10,10,10,7.83,84.25,0.12,1620
"Tanzania, United Republic Of",65,60,7.83,7.75,7.75,7.75,7.67,7.75,10,10,10,7.75,84.25,0.12,1600
Guatemala,250,69,7.83,7.83,7.5,7.92,7.58,7.75,10,10,10,7.83,84.25,0.1,1219.2
Colombia,250,70,7.58,7.5,7.75,7.83,7.92,7.83,10,10,10,7.83,84.25,0.11,1700
United States (Hawaii),7,100,7.33,7.92,7.92,7.92,7.92,8.08,10,10,9.33,7.83,84.25,0.11,NA
Mexico,10,1,7.83,7.92,7.67,7.83,7.5,7.75,10,10,10,7.75,84.25,0.12,1450
Mexico,20,1,7.83,7.83,7.75,7.67,7.83,7.58,10,10,10,7.75,84.25,0.12,1170
Mexico,250,1,7.83,7.92,7.67,7.75,7.5,7.75,10,10,10,7.83,84.25,0.1,1400
Uganda,1,60,8.17,7.75,7.58,7.67,7.83,7.58,10,10,10,7.67,84.25,0.13,1700
Guatemala,50,69,7.75,7.83,7.58,7.83,7.67,7.75,10,10,10,7.75,84.17,0.13,1700
Colombia,250,70,7.83,7.75,7.58,7.67,7.75,7.83,10,10,10,7.75,84.17,0,NA
Costa Rica,150,69,7.92,7.75,7.67,7.67,7.5,7.67,10,10,10,8,84.17,0.09,1700
Guatemala,275,69,7.75,7.75,7.58,8,7.67,7.83,10,10,10,7.58,84.17,0.11,1116.7872
Guatemala,377,69,7.75,7.92,7.58,7.92,7.67,7.67,10,10,10,7.67,84.17,0.1,1565
Guatemala,130,69,7.58,7.83,7.58,7.83,7.83,7.67,10,10,10,7.83,84.17,0.1,3280
Colombia,275,70,8,7.5,7.5,7.67,8,7.83,10,10,10,7.67,84.17,0,1775
Nicaragua,275,2,7.67,7.83,7.83,7.5,7.67,7.83,10,10,10,7.83,84.17,0.12,1000
Brazil,305,59,7.67,7.75,7.75,7.67,7.83,7.75,10,10,10,7.75,84.17,0,1150
Costa Rica,320,69,7.67,7.75,7.67,7.75,7.5,8,10,10,10,7.83,84.17,0,1850
Ethiopia,320,60,7.5,7.92,7.58,7.83,7.75,7.83,10,10,10,7.75,84.17,0.1,1606.5
"Tanzania, United Republic Of",10,60,7.92,7.75,7.75,7.75,7.75,7.58,10,10,10,7.67,84.17,0.13,1400
Colombia,250,1,7.67,7.5,7.67,7.42,7.83,8.58,10,10,10,7.5,84.17,0.12,1530
Guatemala,275,5,7.67,7.75,7.67,7.75,7.75,7.75,10,10,10,7.83,84.17,0.11,NA
Kenya,300,18000,7.58,7.75,7.75,7.75,7.75,7.83,10,10,10,7.75,84.17,0.08,250.5
Brazil,1,2,7.58,7.83,7.75,7.67,7.67,8,10,10,10,7.67,84.17,0.11,1038.5
Guatemala,250,69,7.92,7.75,7.67,7.67,7.83,7.92,10,10,10,7.42,84.17,0.11,1310.64
El Salvador,275,2,8.42,8.08,7.5,7.17,7.58,8.17,9.33,10,10,7.92,84.17,0.11,1500
Colombia,250,70,7.75,7.75,7.75,7.75,7.83,7.75,10,10,10,7.58,84.17,0,1750
Guatemala,275,1,7.83,7.5,7.5,8,7.83,7.83,10,10,10,7.67,84.17,0.11,NA
Uganda,320,60,7.83,7.75,7.5,7.83,7.83,7.75,10,10,10,7.67,84.17,0.11,1600
Indonesia,2,2,7.81,7.88,7.56,7.75,7.63,7.75,10,10,10,7.75,84.13,0.12,NA
Colombia,275,70,7.83,7.5,7.42,7.5,7.83,8.5,10,10,10,7.5,84.08,0,442
Taiwan,10,20,7.58,7.67,7.67,7.67,7.75,7.83,10,10,10,7.92,84.08,0.1,968
Guatemala,50,69,8,7.75,7.5,7.58,7.92,7.67,10,10,10,7.67,84.08,0.1,NA
Colombia,200,70,7.92,7.75,7.67,7.75,7.67,7.67,10,10,10,7.67,84.08,0,1775
Guatemala,1,2,7.58,7.75,7.67,8,7.75,7.67,10,10,10,7.67,84.08,0.1,1550
United States (Hawaii),14,100,7.83,7.75,7.83,7.83,7.42,8.08,9.33,10,10,8,84.08,0.11,NA
Mexico,300,1,7.67,7.75,7.67,7.75,7.67,7.75,10,10,10,7.83,84.08,0.11,1480
Ethiopia,100,60,7.92,7.92,7.83,8,7.92,7.92,10,10,8.67,7.92,84.08,0.09,1800
Costa Rica,275,150,7.58,7.75,7.67,7.75,7.83,7.75,10,10,10,7.67,84,0.08,NA
Ethiopia,320,60,7.83,7.75,7.67,7.75,7.33,7.75,10,10,10,7.92,84,0.11,1800
Honduras,275,66,7.42,7.83,7.75,7.92,7.75,7.58,10,10,10,7.75,84,0.1,1500
Guatemala,275,69,7.67,7.83,7.58,7.92,7.75,7.67,10,10,10,7.58,84,0.12,1706.88
Colombia,250,1,7.67,7.67,7.83,7.58,7.58,7.83,10,10,10,7.83,84,0.11,1600
Guatemala,250,69,7.92,7.67,7.42,7.92,7.75,7.83,10,10,10,7.5,84,0.1,1219.2
Guatemala,250,69,7.75,7.83,7.5,7.83,7.58,7.67,10,10,10,7.83,84,0.1,1219.2
Colombia,250,1,7.67,7.75,7.67,7.67,7.67,7.75,10,10,10,7.83,84,0.12,1480
Colombia,250,70,7.58,7.42,7.75,7.92,7.75,7.92,10,10,10,7.67,84,0.12,1450
Colombia,138,70,7.67,7.67,7.5,7.5,7.67,7.67,10,10,10,8.33,84,0.12,1775
Ethiopia,50,60,7.75,7.75,7.5,7.58,7.67,7.92,10,10,10,7.83,84,0.09,1550
Brazil,320,60,7.58,7.83,7.67,7.25,8,7.75,10,10,10,7.92,84,0.1,1260
Colombia,270,70,7.67,7.83,7.67,7.75,7.67,7.75,10,10,10,7.67,84,0.11,1700
Kenya,300,60,7.67,7.83,7.5,7.75,7.92,7.67,10,10,10,7.67,84,0,1200
Thailand,2,1,7.92,8.17,8.17,8.42,8.08,8.17,8.67,8.67,9.33,8.42,84,0.12,NA
Kenya,150,9000,7.67,7.75,7.67,7.75,7.83,7.67,10,10,10,7.67,84,0,1650
Uganda,320,60,7.92,7.75,7.58,7.67,7.67,7.83,10,10,10,7.58,84,0.1,1700
Thailand,1,60,7.58,7.75,7.58,7.75,7.58,7.75,10,10,10,8,84,0.06,NA
Brazil,320,60,7.5,7.75,7.58,7.5,7.58,7.5,10,10,10,8.5,83.92,0,890
Mexico,200,69,7.83,7.83,7.58,7.92,7.42,7.5,10,10,10,7.83,83.92,0.11,1300
Thailand,45,40,7.67,7.75,7.5,7.67,7.67,7.83,10,10,10,7.83,83.92,0.1,1350
Brazil,320,60,7.58,7.67,7.67,7.75,7.58,7.83,10,10,10,7.83,83.92,0.11,934
Taiwan,20,50,7.83,7.75,7.83,7.75,7.83,7.75,9.33,10,10,7.83,83.92,0.11,1200
Colombia,250,70,7.75,7.67,7.5,7.75,7.83,7.75,10,10,10,7.67,83.92,0.11,442
Colombia,226,70,7.75,7.58,7.5,7.83,7.75,7.92,10,10,10,7.58,83.92,0,NA
Taiwan,1,2,7.75,7.75,7.58,7.75,7.75,7.67,10,10,10,7.67,83.92,0,NA
Colombia,275,2,7.92,7.67,7.5,7.83,7.58,7.67,10,10,10,7.75,83.92,0,NA
Colombia,275,2,7.83,7.75,7.58,7.58,7.75,7.75,10,10,10,7.67,83.92,0,NA
Colombia,275,70,7.75,7.58,7.67,7.83,7.83,7.67,10,10,10,7.58,83.92,0,1775
Taiwan,10,60,8,7.92,7.92,7.92,7.67,7.33,10,10,10,7.17,83.92,0.06,950
Colombia,250,70,7.67,7.83,7.67,7.75,7.67,7.83,10,10,10,7.5,83.92,0.12,1550
Mexico,48,1,7.67,7.75,7.58,7.67,7.75,7.83,10,10,10,7.67,83.92,0.12,900
Mexico,250,1,7.5,7.67,7.58,7.83,7.75,7.75,10,10,10,7.83,83.92,0.11,1500
Mexico,20,1,7.75,7.92,7.83,7.92,7.75,7.67,9.33,10,10,7.75,83.92,0,1400
Colombia,275,70,7.92,7.58,7.5,7.83,7.58,7.67,10,10,10,7.75,83.83,0,2527
Colombia,275,70,7.83,7.67,7.5,7.75,7.75,7.75,10,10,10,7.58,83.83,0,NA
Costa Rica,275,69,7.67,7.67,7.75,7.67,7.5,7.75,10,10,10,7.83,83.83,0,1850
Guatemala,100,69,7.75,7.75,7.5,7.75,7.83,7.58,10,10,10,7.67,83.83,0.11,1500
Taiwan,167,30,7.75,7.67,7.5,7.75,7.75,7.67,10,10,10,7.75,83.83,0,1200
Brazil,320,2,7.25,7.58,7.42,8,7.75,7.83,10,10,10,8,83.83,0,1
Taiwan,8,18,7.67,7.75,7.67,7.75,7.42,7.75,10,10,10,7.83,83.83,0,525
Ethiopia,320,60,7.75,7.75,7.67,7.67,7.58,7.67,10,10,10,7.75,83.83,0.12,1676.5
Brazil,300,2,7.67,7.67,7.58,7.5,7.83,8.17,10,10,9.33,8.08,83.83,0,1200
Costa Rica,250,1,7.83,7.42,7.5,7.83,7.75,7.83,10,10,10,7.67,83.83,0.1,1300
Guatemala,250,69,7.58,7.83,7.33,8,7.58,7.75,10,10,10,7.75,83.83,0.1,1219.2
Brazil,320,60,7.92,7.5,7.33,7.67,8.17,7.5,10,10,10,7.75,83.83,0.1,1260
Ecuador,1,5,7.5,7.67,7.58,7.75,7.83,7.83,10,10,10,7.67,83.83,0.09,800
Colombia,250,70,7.67,7.58,7.58,7.83,7.58,7.67,10,10,10,7.92,83.83,0.11,1750
Guatemala,250,69,7.5,7.83,7.5,7.83,7.83,7.67,10,10,10,7.67,83.83,0.11,1310.64
Mexico,20,1,7.67,8,7.67,7.42,7.67,7.5,10,10,10,7.92,83.83,0.1,1218
Mexico,250,1,7.67,7.58,7.5,7.75,7.75,7.75,10,10,10,7.83,83.83,0.11,1300
Brazil,300,1,7.83,7.83,7.58,7.67,7.5,7.58,10,10,10,7.83,83.83,0.12,1250
Thailand,175,50,7.75,7.75,7.58,8,7.67,7.58,10,10,10,7.5,83.83,0.02,1499.9208
Thailand,1,60,7.5,7.83,7.58,7.58,7.75,7.83,10,10,10,7.75,83.83,0.01,NA
Ethiopia,300,6,7.58,7.83,7.58,8,7.83,7.5,10,10,10,7.5,83.83,0.1,NA
Kenya,200,60,7.75,7.58,7.5,7.58,7.75,7.75,10,10,10,7.83,83.75,0.11,1800
Brazil,320,60,7.67,7.67,7.58,7.75,7.67,7.67,10,10,10,7.75,83.75,0.11,890
Colombia,275,70,7.83,7.83,7.58,7.58,7.58,7.58,10,10,10,7.75,83.75,0.11,442
Taiwan,10,10,7.67,7.67,7.58,7.58,7.67,7.83,10,10,10,7.75,83.75,0,750
Colombia,275,70,7.92,7.75,7.5,7.67,7.75,7.5,10,10,10,7.67,83.75,0,NA
China,3,60,7.83,7.75,7.67,7.5,7.58,7.67,10,10,10,7.75,83.75,0.1,1650
Colombia,250,70,7.75,7.67,7.5,7.67,7.58,7.83,10,10,10,7.75,83.75,0,442
Uganda,320,60,8,7.92,7.58,7.75,7.33,7.5,10,10,10,7.67,83.75,0.12,1400
United States (Puerto Rico),18,5,7.83,7.83,7.83,7.67,8,8.17,9.33,9.33,10,7.75,83.75,0.12,853.44
Colombia,100,70,7.67,7.67,7.67,7.92,7.5,7.67,10,10,10,7.67,83.75,0,1775
Colombia,250,70,7.67,7.42,7.42,7.42,8,8.33,10,10,10,7.5,83.75,0,1550
Colombia,250,70,7.58,7.67,7.75,7.67,7.67,7.67,10,10,10,7.75,83.75,0,1750
Colombia,275,70,7.75,7.67,7.75,7.58,7.42,8,10,10,10,7.58,83.75,0.11,1750
United States (Hawaii),12,100,7.25,7.42,7.67,7.58,7.83,8.25,10,10,10,7.75,83.75,0,NA
Mexico,10,1,7.83,7.58,7.58,7.5,7.75,7.67,10,10,10,7.83,83.75,0.13,700
Guatemala,250,3,7.67,7.58,7.58,7.67,7.75,7.75,10,10,10,7.75,83.75,0.11,1300
Colombia,275,70,7.83,7.83,7.58,7.33,7.42,7.67,10,10,10,8.08,83.75,0.1,1600
Colombia,250,70,7.75,7.67,7.25,7.25,7.58,8.5,10,10,10,7.75,83.75,0.06,1600
United States (Hawaii),4,1,7.83,7.67,7.75,7.67,7.58,7.5,10,10,10,7.75,83.75,0,NA
Brazil,320,60,7.67,7.83,7.5,7.67,7.67,7.5,10,10,10,7.83,83.67,0.11,890
Kenya,200,60,8.08,7.67,7.67,7.58,7.25,7.67,10,10,10,7.75,83.67,0.11,1700
Honduras,285,69,7.5,7.5,7.67,7.67,8,8,10,10,10,7.33,83.67,0.1,1400
Nicaragua,275,69,7.67,7.75,7.67,7.67,7.83,7.58,10,10,10,7.5,83.67,0.1,1250
Brazil,320,60,7.58,7.75,7.58,7.75,7.58,7.58,10,10,10,7.83,83.67,0.11,934
Taiwan,20,50,7.5,7.67,7.33,7.92,7.83,7.67,10,10,10,7.75,83.67,0.1,1200
Costa Rica,275,69,7.33,7.67,7.67,7.5,7.67,7.5,10,10,10,8.33,83.67,0.11,1350
Thailand,1,1,7.5,7.75,7.58,7.83,7.67,7.58,10,10,10,7.75,83.67,0.12,800
Colombia,100,2,7.5,7.75,7.5,7.75,7.67,7.67,10,10,10,7.83,83.67,0.11,1625
Guatemala,275,69,8,7.5,7.33,8,8,8,9.33,10,10,7.5,83.67,0.1,1356.6648
Colombia,250,70,7.83,7.75,7.67,7.58,7.58,7.67,10,10,10,7.58,83.67,0,1750
Colombia,250,70,7.67,7.67,7.67,7.67,7.33,7.75,10,10,10,7.92,83.67,0,1900
Guatemala,250,69,7.67,7.67,7.42,7.67,8,7.75,10,10,10,7.5,83.67,0.12,1310.64
Guatemala,250,69,7.83,7.67,7.33,7.67,7.67,7.83,10,10,10,7.67,83.67,0.11,1310.64
Colombia,250,70,7.75,7.75,7.58,7.83,7.17,7.75,10,10,10,7.83,83.67,0.11,1750
Guatemala,250,1,8.17,8.17,7.83,7.67,8.08,7.75,9.33,9.33,9.33,8,83.67,0.11,1450
Guatemala,250,1,7.67,8.17,7.5,7.42,7.58,7.83,10,10,10,7.5,83.67,0.11,1310.64
Mexico,48,1,7.67,7.5,7.5,7.33,7.83,8.25,10,10,10,7.58,83.67,0.12,1100
Indonesia,10,60,8.17,7.67,7.58,7.58,7.42,7.67,10,10,10,7.58,83.67,0.12,1400
Guatemala,250,69,7.67,7.5,7.33,8,7.67,7.67,10,10,10,7.83,83.67,0.1,1524
United States (Hawaii),3,100,7.75,8,7.92,8.08,7.75,8,9.33,9.33,9.33,8.17,83.67,0,NA
Brazil,320,60,7.58,7.67,7.58,7.58,7.67,7.58,10,10,10,7.92,83.58,0.11,890
Guatemala,275,69,7.75,7.75,7.5,7.83,7.58,7.58,10,10,10,7.58,83.58,0.11,1128.3696
Colombia,275,70,7.75,7.75,7.58,7.58,7.67,7.58,10,10,10,7.67,83.58,0.11,NA
China,3,60,7.67,7.58,7.58,7.58,7.67,7.75,10,10,10,7.75,83.58,0.1,1100
Colombia,275,70,7.67,7.75,7.58,7.67,7.75,7.58,10,10,10,7.58,83.58,0.12,1775
Mexico,275,2,7.75,7.75,7.58,7.58,7.5,7.67,10,10,10,7.75,83.58,0.12,1200
Ethiopia,250,60,7.75,7.67,7.58,7.67,7.5,7.67,10,10,10,7.75,83.58,0,1850
Uganda,100,60,7.67,7.67,7.42,7.75,7.75,7.67,10,10,10,7.67,83.58,0.12,1800
Colombia,250,70,7.67,7.58,7.67,7.67,7.67,7.67,10,10,10,7.67,83.58,0,1600
Colombia,250,70,7.67,7.58,7.67,7.58,7.67,7.75,10,10,10,7.67,83.58,0.12,1550
Colombia,250,70,7.75,7.58,7.5,7.58,7.75,7.83,10,10,10,7.58,83.58,0,1550
Taiwan,10,30,7.75,7.75,7.75,7.75,7.5,7.58,10,10,10,7.5,83.58,0.11,1000
Colombia,275,70,7.67,7.67,7.58,7.67,7.75,7.58,10,10,10,7.67,83.58,0.11,1775
Mexico,250,1,7.83,7.67,7.58,7.58,7.67,7.58,10,10,10,7.67,83.58,0.12,1000
Colombia,250,70,7.67,7.58,7.58,7.58,7.67,7.75,10,10,10,7.75,83.58,0.11,2136
Brazil,33,60,7.83,7.75,7.5,7.75,7.5,7.58,10,10,10,7.67,83.58,0.12,1100
Colombia,50,70,7.75,7.58,7.58,7.75,7.75,7.5,10,10,10,7.58,83.5,0,1799
Taiwan,1,10,7.58,7.58,7.17,7.17,7,7,10,10,10,10,83.5,0.11,NA
Costa Rica,245,69,7.92,7.42,7.5,7.67,7.5,7.67,10,10,10,7.83,83.5,0,1850
Colombia,250,70,7.75,7.58,7.58,7.5,7.75,7.75,10,10,10,7.58,83.5,0,1000
Guatemala,250,69,7.67,7.75,7.5,7.83,7.58,7.58,10,10,10,7.58,83.5,0.1,1219.2
Colombia,180,70,7.58,7.58,7.58,7.58,7.75,7.67,10,10,10,7.75,83.5,0.12,1775
"Tanzania, United Republic Of",5,60,7.75,7.67,7.58,7.67,7.67,7.58,10,10,10,7.58,83.5,0.13,1400
Indonesia,200,30,7.25,7.67,7.58,7.92,7.83,7.58,10,10,10,7.67,83.5,0.13,1500
Ethiopia,320,60,7.67,7.75,7.5,7.58,7.75,7.67,10,10,10,7.58,83.5,0.1,1600
Colombia,275,2,7.67,7.42,7.67,7.83,7.58,7.67,10,10,10,7.67,83.5,0,NA
Colombia,275,70,8,7.58,7.25,7.58,7.92,7.58,10,10,10,7.58,83.5,0.11,1850
Guatemala,250,1,7.58,7.75,7.5,7.83,7.42,7.67,10,10,10,7.75,83.5,0.1,1400
Colombia,250,70,7.75,7.58,7.33,7.5,7.83,7.83,10,10,10,7.67,83.5,0,1650
Honduras,275,1,7.67,7.5,7.67,7.5,7.67,7.67,10,10,10,7.83,83.5,0.1,1350
Colombia,250,70,7.58,7.75,7.42,7.67,7.75,7.67,10,10,10,7.67,83.5,0,1750
Colombia,250,70,7.58,7.67,7.58,7.75,7.58,7.75,10,10,10,7.58,83.5,0.11,1750
Mexico,10,1,7.83,7.58,7.25,7.5,7.5,7.42,10,10,10,8.42,83.5,0.13,1170
Mexico,10,1,7.67,7.75,7.67,7.75,7.58,7.5,10,10,10,7.58,83.5,0.11,940
Mexico,15,1,7.75,7.67,7.67,7.75,7.33,7.5,10,10,10,7.83,83.5,0.12,1400
Guatemala,275,69,7.83,7.5,7.5,8,7.67,7.5,10,10,10,7.5,83.5,0.1,1524
Colombia,175,70,7.67,7.58,7.58,7.67,7.67,7.67,10,10,10,7.67,83.5,0.11,1775
Guatemala,250,2,7.5,7.5,7.75,7.5,8,7.67,10,10,10,7.58,83.5,0,1402.08
United States (Hawaii),14,100,7.5,7.67,7.58,7.92,7.58,7.67,10,10,10,7.58,83.5,0.01,NA
Indonesia,10,60,7.83,7.58,7.58,7.58,7.75,7.58,10,10,10,7.58,83.5,0,1600
Colombia,300,29,7.5,7.58,7.58,7.5,7.75,7.83,10,10,10,7.67,83.42,0,439
Guatemala,50,69,7.67,7.75,7.5,7.58,7.58,7.67,10,10,10,7.67,83.42,0.1,1700
Colombia,600,29,7.67,7.67,7.5,7.67,7.67,7.58,10,10,10,7.67,83.42,0.11,442
Costa Rica,275,69,7.58,7.5,7.42,7.92,7.5,7.67,10,10,10,7.83,83.42,0.09,1850
Taiwan,1,10,7.67,7.67,7,7.08,7,7,10,10,10,10,83.42,0.11,NA
Uganda,20,1218,7.58,7.75,7.33,7.75,7.67,7.58,10,10,10,7.75,83.42,0.11,1800
Thailand,500,25,7.5,7.58,7.75,7.5,7.75,7.67,10,10,10,7.67,83.42,0.13,1200
El Salvador,275,69,7.58,7.5,7.75,7.58,7.75,7.67,10,10,10,7.58,83.42,0.11,1330
Colombia,275,70,7.58,7.67,7.58,7.67,7.58,7.67,10,10,10,7.67,83.42,0.12,442
Brazil,300,60,7.33,7.83,7.75,7.5,7.42,7.83,10,10,10,7.75,83.42,0.12,NA
"Tanzania, United Republic Of",39,60,7.75,7.67,7.58,7.67,7.58,7.58,10,10,10,7.58,83.42,0.13,1600
Colombia,250,70,7.58,7.58,7.25,7.75,7.75,8.58,9.33,10,10,7.58,83.42,0.12,1813
Guatemala,250,69,7.75,7.83,7.33,7.83,7.5,7.67,10,10,10,7.5,83.42,0.1,1219.2
Guatemala,250,69,7.67,7.75,7.5,7.83,7.58,7.5,10,10,10,7.58,83.42,0.1,1500
Guatemala,250,69,7.67,7.5,7.75,7.42,7.75,7.75,10,10,10,7.58,83.42,0.11,1310.64
United States (Hawaii),13,100,7.42,7.75,7.67,7.58,7.67,7.67,10,10,10,7.67,83.42,0,NA
Colombia,250,70,7.5,7.75,7.58,7.5,7.67,7.75,10,10,10,7.67,83.42,0.11,1450
Colombia,250,70,7.58,7.58,7.58,7.67,7.75,7.67,10,10,10,7.58,83.42,0.1,NA
United States (Hawaii),12,60,7.5,7.92,7.42,7.67,7.83,7.58,10,10,10,7.5,83.42,0.01,NA
Thailand,4,1,7.58,7.25,7.5,7.92,7.92,7.42,10,10,10,7.83,83.42,0.11,NA
Mexico,6,6,7.25,7.88,7.38,7.63,7.5,8.75,9,10,10,8,83.38,0.09,1050
Colombia,275,70,7.75,7.5,7.75,7.58,7.58,7.58,10,10,10,7.58,83.33,0,1650
Colombia,130,70,7.67,7.58,7.58,7.42,7.67,7.75,10,10,10,7.67,83.33,0,NA
Colombia,275,70,7.83,7.58,7.58,7.58,7.5,7.58,10,10,10,7.67,83.33,0,NA
Brazil,10,2,7.5,7.83,7.33,7.58,7.58,7.92,10,10,10,7.58,83.33,0.1,1227
Mexico,275,1,7.75,7.75,7.5,7.67,7.5,7.58,10,10,10,7.58,83.33,0.12,1200
Colombia,275,70,7.67,7.75,7.42,7.83,7.83,7.42,10,10,10,7.42,83.33,0.11,1650
"Tanzania, United Republic Of",10,60,7.75,7.58,7.67,7.58,7.58,7.58,10,10,10,7.58,83.33,0.12,1700
Mexico,200,1,7.67,7.67,7.58,7.67,7.5,7.58,10,10,10,7.67,83.33,0.12,1100
Costa Rica,250,3,7.67,7.67,7.42,7.67,7.67,7.67,10,10,10,7.58,83.33,0.12,1300
United States (Hawaii),12,100,7.83,7.58,7.83,7.67,7.92,8,9.33,10,9.33,7.83,83.33,0.11,NA
Costa Rica,250,1,7.5,7.67,7.67,7.5,7.83,7.17,10,10,10,8,83.33,0.11,1200
Peru,280,5,7.83,7.75,7.58,7.83,7.92,7.58,9.33,10,10,7.5,83.33,0.12,NA
Haiti,2,4,7.58,7.5,7.67,7.5,7.83,7.42,10,10,10,7.83,83.33,0.11,1280.16
Colombia,250,70,7.67,7.67,7.5,7.67,7.92,7.42,10,10,10,7.5,83.33,0.11,1000
Guatemala,250,69,7.83,7.67,7.17,7.67,7.67,7.67,10,10,10,7.67,83.33,0.11,1310.64
United States (Hawaii),7,100,7.92,7.5,7.58,7.83,7.67,7.67,9.33,10,10,7.83,83.33,0.1,NA
Burundi,220,60,7.75,7.67,7.33,7.5,7.5,7.75,10,10,10,7.83,83.33,0,1880
Colombia,250,70,7.5,7.67,7.67,7.58,7.67,7.58,10,10,10,7.67,83.33,0,1750
United States (Hawaii),27,100,8.08,7.83,7.83,7.75,7.67,7.58,9.33,10,9.33,7.92,83.33,0.01,NA
United States (Hawaii),25,100,7.58,7.67,7.58,7.5,7.83,7.67,10,10,10,7.5,83.33,0,NA
Mexico,50,50,7.67,7.83,7.42,7.83,7.33,7.5,10,10,10,7.67,83.25,0.11,1600
Costa Rica,29,46,7.5,7.5,7.83,7.5,7.67,7.67,10,10,10,7.58,83.25,0.11,1900
Costa Rica,275,69,7.83,7.5,7.42,7.67,7.5,7.67,10,10,10,7.67,83.25,0.11,NA
Guatemala,275,0,7.5,7.58,7.42,7.83,7.67,7.58,10,10,10,7.67,83.25,0.11,2100
Uganda,150,9000,7.5,7.67,7.67,7.42,7.67,7.67,10,10,10,7.67,83.25,0.12,NA
Brazil,300,60,7.58,7.67,7.42,7.5,7.67,7.42,10,10,10,8,83.25,0.12,NA
Colombia,304,35,7.58,7.67,7.67,7.17,7.75,7.83,10,10,10,7.58,83.25,0,442
Mexico,11,2,7.83,7.75,7.5,7.58,7.58,7.58,10,10,10,7.42,83.25,0.12,1261
Taiwan,10,15,7.67,7.5,7.5,7.5,7.67,7.83,10,10,10,7.58,83.25,0.1,1000
Taiwan,10,60,7.92,7.83,7.75,7.58,7.5,7.33,10,10,10,7.33,83.25,0.1,800
Colombia,250,70,7.58,7.58,7.5,7.58,7.58,7.75,10,10,10,7.67,83.25,0,1483
Guatemala,26,69,7.5,7.67,7.58,7.67,7.67,7.5,10,10,10,7.67,83.25,0.1,1500
Colombia,275,70,7.83,7.5,7.67,7.33,7.67,7.67,10,10,10,7.58,83.25,0.11,1750
Mexico,200,1,7.58,7.75,7.5,7.5,7.58,7.58,10,10,10,7.75,83.25,0.12,1300
United States (Hawaii),11,100,7.58,7.75,7.83,8,8.08,7.67,9.33,10,9.33,7.67,83.25,0.11,NA
Mexico,10,1,7.75,7.58,7.58,7.58,7.5,7.58,10,10,10,7.67,83.25,0.13,NA
Mexico,54,1,7.75,7.75,7.42,7.92,7.33,7.5,10,10,10,7.58,83.25,0.12,1000
Guatemala,250,1,7.83,7.58,7.08,7.83,7.42,8.08,10,10,10,7.42,83.25,0.11,1310.64
Brazil,30,60,7.75,7.67,7.5,7.58,7.58,7.58,10,10,10,7.58,83.25,0.11,1200
Colombia,250,70,7.67,7.58,7.58,7.42,7.83,7.58,10,10,10,7.58,83.25,0.12,175
Colombia,175,70,7.67,7.67,7.5,7.5,7.58,7.67,10,10,10,7.67,83.25,0.11,1775
Colombia,250,70,7.92,7.75,7.25,7.42,7.83,7.58,10,10,10,7.5,83.25,0.08,1700
Colombia,250,70,8,7.67,7.67,7.25,7.67,7.5,10,10,10,7.5,83.25,0.13,1880
Colombia,250,70,7.92,7.75,7.5,7.42,7.42,7.67,10,10,10,7.58,83.25,0.04,1800
Brazil,320,60,7.67,7.42,7.5,7.58,7.67,7.58,10,10,10,7.75,83.17,0.11,890
Guatemala,275,69,7.58,7.58,7.33,7.67,7.75,7.58,10,10,10,7.67,83.17,0.1,1901
"Tanzania, United Republic Of",320,60,7.67,7.58,7.42,7.67,7.67,7.58,10,10,10,7.58,83.17,0.12,168
Peru,200,13800,7.92,7.5,7.5,7.58,7.67,7.5,10,10,10,7.5,83.17,0.11,NA
Vietnam,1,2,7.58,7.42,7.08,7.33,7.58,8.58,10,10,10,7.58,83.17,0.07,1550
Guatemala,250,1500,7.67,7.75,7.42,7.75,7.58,7.5,10,10,10,7.5,83.17,0.11,1500
Honduras,275,69,7.67,7.67,7.5,7.67,7.5,7.67,10,10,10,7.5,83.17,0.11,1450
China,3,60,7.5,7.67,7.33,7.67,7.67,7.67,10,10,10,7.67,83.17,0.11,1200
China,3,60,7.67,7.67,7.5,7.67,7.42,7.58,10,10,10,7.67,83.17,0.1,1600
El Salvador,275,69,7.5,7.5,7.33,7.67,8,7.67,10,10,10,7.5,83.17,0,1350
Guatemala,150,69,7.5,7.75,7.5,7.83,7.58,7.5,10,10,10,7.5,83.17,0.11,1500
Guatemala,100,69,7.92,7.67,7.42,7.75,7.5,7.5,10,10,10,7.42,83.17,0.12,1650
Kenya,300,2,7.83,7.75,7.67,7.75,7.83,8.5,9.33,9.33,9.33,7.83,83.17,0.1,250.5
Thailand,1,1,7.67,7.58,7.58,7.75,7.42,7.67,10,10,10,7.5,83.17,0.12,800
"Tanzania, United Republic Of",180,60,7.58,7.67,7.67,7.58,7.42,7.58,10,10,10,7.67,83.17,0.13,1653
Colombia,232,70,7.58,7.5,7.5,7.67,7.5,7.67,10,10,10,7.75,83.17,0,1775
Uganda,84,60,8,7.67,7.5,7.42,7.33,7.58,10,10,10,7.67,83.17,0.1,1800
Colombia,1,4,7.58,7.75,7.5,7.58,7.58,7.58,10,10,10,7.58,83.17,0.11,NA
Honduras,275,1,7.5,7.5,7.5,7.67,7.67,7.67,10,10,10,7.67,83.17,0.1,1450
Honduras,275,1,7.67,7.67,7.5,7.67,7.5,7.67,10,10,10,7.5,83.17,0.11,1350
Guatemala,200,69,7.33,7.83,7.17,8.17,7.33,7.67,10,10,10,7.67,83.17,0.09,1524
United States (Hawaii),6,100,7.5,7.5,7.58,7.42,7.92,7.67,10,10,10,7.58,83.17,0.11,NA
"Tanzania, United Republic Of",300,1,7.58,7.5,7.58,7.75,7.58,7.58,10,10,10,7.58,83.17,0.12,1800
Guatemala,250,69,7.67,7.83,7.33,7.67,7.5,7.67,10,10,10,7.5,83.17,0.11,1310.64
Mexico,45,1,7.75,7.58,7.58,7.58,7.5,7.42,10,10,10,7.75,83.17,0.11,1500
Mexico,10,1,7.75,7.67,7.58,7.5,7.42,7.58,10,10,10,7.67,83.17,0.12,532
Mexico,10,1,7.58,7.75,7.42,7.67,7.5,7.58,10,10,10,7.67,83.17,0.14,1089
Colombia,275,70,7.67,7.5,7.5,7.5,7.58,8.17,10,10,10,7.25,83.17,0.11,1775
Mexico,15,1,7.75,7.5,7.42,7.75,7.58,7.58,10,10,10,7.58,83.17,0.13,700
Colombia,250,70,7.58,7.67,7.5,7.58,7.67,7.67,10,10,10,7.5,83.17,0.11,1750
Mexico,250,1,7.5,7.75,7.58,7.58,7.67,7.5,10,10,10,7.58,83.17,0.11,1380
Brazil,50,60,7.75,7.67,7.58,7.5,7.58,7.58,10,10,10,7.5,83.17,0.12,1000
Brazil,100,60,7.92,7.58,7.5,7.58,7.42,7.5,10,10,10,7.67,83.17,0.11,950
Guatemala,250,2,7.75,7.5,7.67,7.5,7.92,8,10,10,9.33,7.5,83.17,0,1402.08
Brazil,25,60,7.75,7.5,7.58,7.5,7.75,7.5,10,10,10,7.58,83.17,0.12,1000
Brazil,90,60,7.58,7.75,7.67,7.5,7.67,7.58,10,10,10,7.42,83.17,0.02,900
El Salvador,250,69,7.42,7.83,8.17,8.08,7.17,7.58,10,9.33,10,7.58,83.17,0.14,1200
Ethiopia,300,6,7.75,8,7.67,8.08,7.83,7.92,9.33,9.33,9.33,7.92,83.17,0.01,1850
Colombia,275,70,7.58,7.67,7.33,7.67,7.75,7.58,10,10,10,7.5,83.08,0,1799
Colombia,275,70,7.75,7.5,7.5,7.42,8,7.75,10,10,10,7.17,83.08,0,NA
Brazil,320,60,7.58,7.58,7.58,7.5,7.67,7.58,10,10,10,7.58,83.08,0.11,905
Brazil,320,2,7.33,7.67,7.67,7.33,7.75,7.42,10,10,10,7.92,83.08,0,1
Taiwan,20,60,7.83,7.92,7.5,7.83,7.67,7.25,9.33,10,10,7.75,83.08,0,750
Brazil,300,60,7.42,7.67,7.58,7.5,7.75,7.67,10,10,10,7.5,83.08,0.11,NA
Brazil,300,2,7.58,7.83,7.67,7.42,7.42,7.5,10,10,10,7.67,83.08,0,1200
Costa Rica,250,1,7.83,7.33,7.5,7.67,7.58,7.67,10,10,10,7.5,83.08,0.1,1300
United States (Hawaii),16,100,7.33,7.75,7.58,7.33,7.83,7.67,10,10,10,7.58,83.08,0.12,NA
Taiwan,50,30,7.75,7.75,7.5,7.5,7.5,7.5,10,10,10,7.58,83.08,0.11,1300
United States (Hawaii),6,100,7.83,7.83,7.33,7.17,7.75,7.67,10,10,10,7.5,83.08,0.1,NA
Mexico,10,1,7.75,7.67,7.42,7.75,7.5,7.5,10,10,10,7.5,83.08,0.1,1400
United States (Hawaii),7,100,7.67,7.58,7.5,7.67,7.92,8,9.33,9.33,10,8.08,83.08,0,NA
United States (Hawaii),6,100,7.33,7.58,7.58,7.92,7.67,7.58,10,10,10,7.42,83.08,0.12,NA
Colombia,275,70,7.33,7.33,7.33,7.58,7.25,8.08,10,10,10,8.17,83.08,0.01,1775
Colombia,250,70,7.83,7.75,7.33,7.25,7.42,7.92,10,10,10,7.58,83.08,0.08,1880
Indonesia,10,60,7.67,7.58,7.5,7.58,7.67,7.58,10,10,10,7.5,83.08,0,1350
Guatemala,275,69,7.92,7.67,7.67,7.25,7.83,7.67,9.33,10,10,7.75,83.08,0.02,NA
Brazil,320,60,7.58,7.5,7.5,7.75,7.67,7.5,10,10,10,7.5,83,0,890
Brazil,320,60,7.5,7.58,7.58,7.67,7.58,7.5,10,10,10,7.58,83,0.11,894
Brazil,320,60,7.5,7.67,7.58,7.67,7.58,7.42,10,10,10,7.58,83,0.11,872
Uganda,310,60,7.67,7.58,7.42,7.42,7.83,7.5,10,10,10,7.58,83,0.12,1473
Uganda,325,60,7.67,7.67,7.5,7.58,7.42,7.5,10,10,10,7.67,83,0.12,1645
Colombia,25,70,7.67,7.67,7.33,7.67,7.5,7.58,10,10,10,7.58,83,0.11,442
Vietnam,2,2,7.75,7.67,7.58,7.58,7.42,7.67,9.33,10,10,8,83,0,1550
Guatemala,275,69,7.67,7.75,7.33,7.92,7.42,7.5,10,10,10,7.42,83,0.11,1550
Guatemala,200,69,7.75,7.67,7.33,7.75,7.5,7.42,10,10,10,7.58,83,0.11,1371.6
Guatemala,250,69,7.83,7.67,7.25,7.67,7.75,7.5,10,10,10,7.33,83,0.11,1500
Brazil,305,2,7.67,7.67,7.67,7.5,7.42,7.5,10,10,10,7.58,83,0,1000
Taiwan,10,60,7.92,7.92,7.83,7.58,7.33,7.25,10,10,10,7.17,83,0.08,1200
Uganda,300,60,7.83,7.58,7.5,7.5,7.58,7.5,10,10,10,7.5,83,0.12,1800
United States (Puerto Rico),17,5,7.67,7.5,7.67,7.83,7.75,7.83,10,10,9.33,7.42,83,0,853.44
Guatemala,26,69,7.67,7.67,7.42,7.83,7.5,7.5,10,10,10,7.42,83,0.1,1500
Costa Rica,250,1,7.67,7.58,7.5,7.58,7.5,7.5,10,10,10,7.67,83,0.11,1200
Brazil,250,2,7.75,7.58,7.42,7.67,7.42,7.67,10,10,10,7.5,83,0.12,1250
Colombia,120,70,7.75,7.42,7.33,7.5,7.58,7.17,10,10,10,8.25,83,0.11,1775
Colombia,250,70,7.83,7.5,7.58,7.33,7.5,7.67,10,10,10,7.58,83,0,1750
Colombia,250,70,7.33,7.67,7.75,7.42,7.75,7.58,10,10,10,7.5,83,0.11,1000
Colombia,250,70,7.58,7.75,7.42,7.67,7.58,7.42,10,10,10,7.58,83,0,1000
Colombia,275,70,7.5,7.5,7.42,7.58,7.75,7.58,10,10,10,7.67,83,0.11,1775
Mexico,15,1,7.67,7.58,7.42,7.5,7.67,7.58,10,10,10,7.58,83,0.11,750
Mexico,20,1,7.67,7.83,7.5,7.58,7.58,7.67,9.33,10,10,7.83,83,0.11,1200
Mexico,250,1,7.5,7.67,7.5,7.5,7.58,7.58,10,10,10,7.67,83,0.11,1200
Colombia,250,70,7.67,7.58,7.5,7.5,7.75,7.5,10,10,10,7.5,83,0,NA
Colombia,250,70,7.75,7.58,7.5,7.67,7.83,7.75,9.33,10,10,7.58,83,0,1625
Colombia,250,70,7.67,7.58,7.58,7.58,7.67,7.42,10,10,10,7.5,83,0.11,1750
Guatemala,275,1,7.5,7.67,7.5,7.67,7.5,7.83,10,10,10,7.33,83,0.1,1371.6
Colombia,121,1,7.67,7.67,7.58,7.5,7.67,7.42,10,10,10,7.5,83,0.12,1775
Thailand,1,60,7.33,7.67,7.58,7.5,7.75,7.67,10,10,10,7.5,83,0.28,NA
Colombia,300,70,7.33,7.67,7.58,7.33,7.58,7.92,10,10,10,7.58,83,0.08,1450
United States (Hawaii),23,100,7.83,7.83,7.67,7.83,7.92,7.83,9.33,9.33,9.33,8.08,83,0,NA
United States (Hawaii),5,100,7.5,7.58,7.42,7.58,7.58,7.67,10,10,10,7.67,83,0,NA
Colombia,250,70,7.5,7.58,7.67,7.67,7.58,7.58,10,10,10,7.42,83,0.06,1800
Nicaragua,2,6,7.58,7.83,7.75,7.92,7.92,8.08,9.33,9.33,9.33,7.92,83,0.07,NA
Thailand,1,1,7.5,7.25,7.42,7.75,8.17,7.5,10,10,10,7.42,83,0,NA
Brazil,320,60,7.67,7.58,7.5,7.58,7.58,7.5,10,10,10,7.5,82.92,0,890
El Salvador,100,69,7.5,7.5,7.75,7.58,7.92,7.83,10,10,9.33,7.5,82.92,0,1350
Colombia,129,70,7.58,7.67,7.5,7.33,7.67,7.58,10,10,10,7.58,82.92,0.11,1500
Taiwan,10,20,7.17,7.83,7.25,7.67,7.67,7.58,10,10,10,7.75,82.92,0.09,350
Ethiopia,250,60,7.58,7.58,7.5,7.5,7.58,7.58,10,10,10,7.58,82.92,0,2000
Taiwan,11,2,7.5,7.58,7.67,7.33,7.5,7.75,10,10,10,7.58,82.92,0,775
Philippines,250,2,7.58,7.58,7.67,7.58,7.5,7.5,10,10,10,7.5,82.92,0.11,1200
Philippines,4,2,8.08,7.5,7.67,7.42,7.33,7.5,10,10,10,7.42,82.92,0,1600
Mexico,11,2,7.83,7.67,7.25,7.58,7.5,7.5,10,10,10,7.58,82.92,0.13,1059
Mexico,275,2,7.75,7.67,7.42,7.42,7.75,7.5,10,10,10,7.42,82.92,0.12,1300
Brazil,300,2,7.08,7.5,7.5,7.83,7.75,7.67,10,10,10,7.58,82.92,0.11,11000
Uganda,1,60,8,7.5,7.5,7.58,7.33,7.42,10,10,10,7.58,82.92,0.12,1650
Uganda,1,60,7.75,7.58,7.58,7.5,7.5,7.5,10,10,10,7.5,82.92,0.12,1400
Guatemala,250,69,7.75,7.5,7.42,7.58,7.67,7.5,10,10,10,7.5,82.92,0.1,1500
Guatemala,26,69,7.67,7.83,7.42,7.5,7.33,7.5,10,10,10,7.67,82.92,0.1,1500
Guatemala,1,2,7.58,7.58,7.25,7.58,7.58,7.58,10,10,10,7.75,82.92,0.1,NA
Colombia,250,70,7.58,7.5,7.75,7.33,7.58,7.58,10,10,10,7.58,82.92,0.11,1900
Colombia,250,70,7.75,7.5,7.25,7.5,7.75,7.5,10,10,10,7.67,82.92,0,1750
Guatemala,250,69,7.83,7.75,7.25,7.92,7.5,7.17,10,10,10,7.5,82.92,0.11,1706.88
Colombia,250,70,7.83,7.67,7.42,7.42,7.5,7.58,10,10,10,7.5,82.92,0.11,1450
Mexico,15,1,7.58,7.58,7.33,7.25,7.58,7.75,10,10,10,7.83,82.92,0.1,1248
Vietnam,1,2,7.67,7.33,7.17,7.58,8.08,7.42,10,10,10,7.67,82.92,0,1040
Mexico,100,1,8,7.92,7.67,7.17,7.67,7.42,9.33,10,10,7.75,82.92,0.14,1400
United States (Hawaii),8,100,7.5,7.5,7.5,7.42,7.67,7.83,10,10,10,7.5,82.92,0.1,NA
Colombia,250,70,7.5,7.75,7.33,7.75,7.08,7.83,10,10,10,7.67,82.92,0.15,1450
Thailand,2,1,7.42,7.58,7.5,7.17,7.5,8,10,10,10,7.75,82.92,0,NA
Kenya,27,50,7.75,7.58,7.42,7.58,7.5,7.5,10,10,10,7.5,82.83,0.1,1754
Guatemala,50,69,7.5,7.58,7.33,7.67,7.58,7.58,10,10,10,7.58,82.83,0.11,1700
Brazil,320,60,7.67,7.58,7.58,7.5,7.5,7.42,10,10,10,7.58,82.83,0.11,905
El Salvador,275,69,7.33,7.67,7.67,7.83,7.33,7.67,10,10,10,7.33,82.83,0,1250
Rwanda,150,60,7.83,7.92,7.75,7.83,7.75,7.75,9.33,9.33,9.33,8,82.83,0.11,1900
Vietnam,3,2,7.25,7.58,7.5,7.42,7.75,7.42,10,10,10,7.92,82.83,0.11,1040
Guatemala,80,69,7.58,7.58,7.33,7.67,7.67,7.5,10,10,10,7.5,82.83,0.11,1219.2
Brazil,300,60,7.58,7.83,7.33,7.67,7.42,7.33,10,10,10,7.67,82.83,0.12,900
Colombia,100,24,7.83,7.67,7.5,7.58,7.5,7.67,10,10,10,7.08,82.83,0,1600
United States,300,60,7.42,7.58,7.25,7.5,7.75,7.75,10,10,10,7.58,82.83,0,1200
Guatemala,250,69,7.67,7.67,7.75,7.67,7.42,7.17,10,10,10,7.5,82.83,0.1,1500
Colombia,40,1,7.5,7.42,7.58,7.5,7.58,7.58,10,10,10,7.67,82.83,0,1800
Colombia,125,70,7.83,7.5,7.5,7.42,7.5,7.5,10,10,10,7.58,82.83,0.11,1775
"Tanzania, United Republic Of",300,2,7.67,7.5,7.33,7.25,7.58,7.75,10,10,10,7.75,82.83,0.11,1400
Mexico,250,1,7.58,7.67,7.5,7.58,7.5,7.5,10,10,10,7.5,82.83,0.12,1550
Mexico,250,1,7.67,7.58,7.42,7.75,7.42,7.42,10,10,10,7.58,82.83,0.12,1250
Guatemala,250,1,7.67,7.67,7.33,7.5,7.33,7.92,10,10,10,7.42,82.83,0.11,1310.64
Mexico,250,1,7.58,7.58,7.5,7.42,7.67,7.58,10,10,10,7.5,82.83,0.11,1380
El Salvador,250,69,7.75,7.58,7.75,7.75,7.25,7.5,10,10,10,7.25,82.83,0,1200
Guatemala,275,69,7.5,7.58,7.42,7.67,7.58,7.5,10,10,10,7.5,82.75,0.1,1100
Guatemala,275,69,7.58,7.67,7.5,7.58,7.5,7.42,10,10,10,7.5,82.75,0.11,1800
Guatemala,50,69,7.5,7.67,7.17,7.67,7.67,7.58,10,10,10,7.5,82.75,0.11,1700
Guatemala,50,69,7.5,7.5,7.42,7.58,7.67,7.5,10,10,10,7.58,82.75,0.1,1219.2
Guatemala,25,69,7.42,7.58,7.42,7.67,7.5,7.5,10,10,10,7.67,82.75,0.1,1219.2
Indonesia,2,1,7.5,7.58,7.42,7.58,7.58,7.5,10,10,10,7.58,82.75,0.12,1500
Guatemala,25,69,7.58,7.58,7.33,7.58,7.33,7.67,10,10,10,7.67,82.75,0.12,157.8864
Taiwan,8,10,7.83,7.67,7.33,7.67,7.58,7.67,9.33,10,10,7.67,82.75,0,650
El Salvador,275,69,7.67,7.67,7.17,7.33,7.58,7.67,10,10,10,7.67,82.75,0,1250
Costa Rica,250,69,7.58,7.5,7.42,7.67,7.42,7.5,10,10,10,7.67,82.75,0.09,1850
Honduras,275,69,7.58,7.5,7.42,7.58,7.5,7.5,10,10,10,7.67,82.75,0.09,1400
Brazil,320,60,7.5,7.5,7.58,7.5,7.58,7.58,10,10,10,7.5,82.75,0.11,905
China,3,60,7.67,7.5,7.33,7.33,7.67,7.67,10,10,10,7.58,82.75,0.1,1100
China,3,60,7.5,7.67,7.42,7.67,7.5,7.5,10,10,10,7.5,82.75,0.11,1500
Colombia,250,70,7.5,7.58,7.58,7.75,7.33,7.5,10,10,10,7.5,82.75,0,1775
Malawi,29,60,7.75,7.58,7.42,7.5,7.33,7.5,10,10,10,7.67,82.75,0.12,1442
Guatemala,250,69,7.75,7.42,7.25,7.75,7.5,7.67,10,10,10,7.42,82.75,0.13,1524
Colombia,275,1,7.67,7.42,7.42,7.58,7.33,7.67,10,10,10,7.67,82.75,0.12,165
United States (Hawaii),10,80,7.67,7.58,7.42,7.83,7.33,7.5,10,10,10,7.42,82.75,0.1,NA
United States (Hawaii),6,100,7.58,7.83,7.75,7.75,7.42,8,9.33,9.33,10,7.75,82.75,0.1,NA
Colombia,250,1,7.58,7.33,7.17,7.33,7.25,8.58,10,10,10,7.5,82.75,0.1,1300
Mexico,32,1,7.58,7.58,7.5,7.5,7.5,7.5,10,10,10,7.58,82.75,0.12,1550
Mexico,250,1,7.58,7.58,7.33,7.75,7.25,7.58,10,10,10,7.67,82.75,0.12,1200
Mexico,21,1,8.08,8.17,8,8,7.83,7.92,6.67,10,10,8.08,82.75,0.12,1200
Colombia,250,70,7.5,7.58,7.42,7.67,7.5,7.58,10,10,10,7.5,82.75,0,1625
Colombia,100,70,7.67,7.58,7.58,7.58,7.5,7.42,10,10,10,7.42,82.75,0.11,1775
United States (Hawaii),6,100,7.25,7.75,7.5,7.83,7.67,7.67,9.33,10,10,7.75,82.75,0.12,NA
Panama,300,2,7.42,7.42,7.5,7.58,7.5,7.75,10,10,10,7.58,82.75,0,1100
United States (Hawaii),14,1,7.75,7.67,7.5,7.83,7.17,7.42,10,10,10,7.42,82.75,0,NA
Brazil,320,60,7.5,7.58,7.25,7.75,7.58,7.5,10,10,10,7.5,82.67,0,890
Brazil,320,60,7.5,7.58,7.5,7.67,7.5,7.42,10,10,10,7.5,82.67,0.11,934
Laos,60,50,7.67,7.67,7.42,7.42,7.42,7.5,10,10,10,7.58,82.67,0.13,1300
El Salvador,275,69,7.67,7.67,7.67,7.67,7.5,7.67,10,10,9.33,7.5,82.67,0,1200
Mexico,8,8,7.5,7.67,7.42,7.75,7.42,7.17,10,10,10,7.75,82.67,0.11,1300
Colombia,1,2,7.75,7.5,7.33,7.58,7.33,7.75,10,10,10,7.42,82.67,0,NA
Brazil,320,2,7.58,7.5,7.42,7.67,7.5,7.5,10,10,10,7.5,82.67,0,1
Brazil,300,60,7.33,7.5,7.58,7.58,7.67,7.5,10,10,10,7.5,82.67,0.12,NA
"Tanzania, United Republic Of",93,60,7.5,7.5,7.5,7.5,7.5,7.58,10,10,10,7.58,82.67,0.12,1700
"Tanzania, United Republic Of",77,60,7.58,7.5,7.5,7.58,7.33,7.58,10,10,10,7.58,82.67,0.12,1550
Taiwan,10,60,8,7.83,7.83,7.42,7.25,7.25,10,10,10,7.08,82.67,0.08,1200
Mexico,11,1,7.67,7.58,7.42,7.5,7.42,7.5,10,10,10,7.58,82.67,0.11,1296
Uganda,1,60,7.67,7.5,7.33,7.67,7.5,7.5,10,10,10,7.5,82.67,0.12,1650
Taiwan,10,30,7.67,7.5,7.5,7.5,7.5,7.5,10,10,10,7.5,82.67,0.11,1240
Thailand,300,60,7.42,7.5,7.5,7.67,7.58,7.5,10,10,10,7.5,82.67,0.11,1500
Colombia,250,70,7.75,7.58,7.67,7.25,7.58,7.42,10,10,10,7.42,82.67,0.11,1800
El Salvador,288,1,7.92,8,7.5,6.75,7.92,7.58,10,10,9.33,7.67,82.67,0,NA
Guatemala,275,69,7.67,7.67,7.17,7.67,7.5,7.5,10,10,10,7.5,82.67,0.11,1500
Thailand,2,1,7.83,7.33,7.83,7.33,7.58,7.83,10,10,9.33,7.58,82.67,0.12,NA
Mexico,36,1,7.58,7.58,7.42,7.58,7.42,7.5,10,10,10,7.58,82.67,0.11,1100
Mexico,23,1,7.5,7.58,7.58,7.58,7.42,7.42,10,10,10,7.58,82.67,0.12,950
Colombia,1,1,7.33,7.58,7.42,7.42,7.67,7.67,10,10,10,7.58,82.67,0.11,3850
United States (Hawaii),37,100,7.83,7.67,7.5,7.67,7.5,7.58,10,10,9.33,7.58,82.67,0.03,NA
Mexico,1,1,7.75,7.58,7.25,7.75,7.67,7.58,10,10,10,7.08,82.67,0,1400
Colombia,250,70,8.08,7.67,7.67,7.33,7.33,7.17,10,10,10,7.42,82.67,0.08,1800
Colombia,270,70,7.5,7.42,7.33,7.33,7.67,7.83,10,10,10,7.58,82.67,0.21,NA
Guatemala,25,69,7.5,7.42,7.42,7.75,7.5,7.5,10,10,10,7.5,82.58,0.1,1219.2
Taiwan,6,5,7.67,7.42,7.5,7.42,7.58,7.5,10,10,10,7.5,82.58,0.11,1050
Brazil,198,59,7.5,7.58,7.42,7.5,7.75,7.33,10,10,10,7.5,82.58,0.11,NA
Taiwan,1,10,7.25,7.25,7,7.08,7,7,10,10,10,10,82.58,0.11,200
Brazil,300,60,7.42,7.42,7.5,7.33,7.25,7.67,10,10,10,8,82.58,0,NA
Indonesia,150,2,7.83,7.58,7.42,7.33,7.42,7.5,10,10,10,7.5,82.58,0.13,1250
Thailand,1,1,7.75,7.33,7.42,7.67,7.42,7.5,10,10,10,7.5,82.58,0.12,800
Thailand,50,20,7.42,7.58,7.58,7.42,7.58,7.5,10,10,10,7.5,82.58,0.12,1450
"Tanzania, United Republic Of",10,60,7.75,7.42,7.33,7.5,7.58,7.5,10,10,10,7.5,82.58,0.12,1317
Uganda,1,60,7.83,7.5,7.42,7.58,7.42,7.42,10,10,10,7.42,82.58,0.12,1650
Costa Rica,250,1,7.67,7.42,7.5,7.67,7,7.75,10,10,10,7.58,82.58,0.11,1300
Mexico,320,5,7.58,7.58,7.42,7.75,7.67,7.67,9.33,10,10,7.58,82.58,0,NA
Guatemala,1,2,7.5,7.58,7.42,7.58,7.42,7.58,10,10,10,7.5,82.58,0,NA
Colombia,250,70,7.75,7.25,7.33,7.42,7.5,7.83,10,10,10,7.5,82.58,0.11,1750
Colombia,250,70,7.75,7.5,7.75,7.25,7.33,7.58,10,10,10,7.42,82.58,0.11,1750
Colombia,250,70,7.58,7.5,7.42,7.58,7.67,7.42,10,10,10,7.42,82.58,0.11,1750
Mexico,50,1,7.5,7.58,7.5,7.5,7.42,7.5,10,10,10,7.58,82.58,0.1,1250
Mexico,70,1,7.67,7.58,7.58,7.75,7.67,6.83,10,10,10,7.5,82.58,0.12,1150
Colombia,275,70,7.33,7.42,7.58,7.42,7.67,7.5,10,10,10,7.67,82.58,0.11,1775
Brazil,42,60,7.58,7.5,7.33,7.75,7.5,7.5,10,10,10,7.42,82.58,0,975
Brazil,320,60,7.5,7.5,7.5,7.5,7.58,7.5,10,10,10,7.42,82.5,0.11,890
Indonesia,2,1,7.83,7.75,7.25,7.5,7.42,7.33,10,10,10,7.42,82.5,0.11,1250
Honduras,275,69,7.58,7.58,7.33,7.5,7.5,7.5,10,10,10,7.5,82.5,0.1,1400
Guatemala,50,69,7.5,7.5,7.33,7.5,7.67,7.5,10,10,10,7.5,82.5,0.1,1219.2
Thailand,1,1,7.5,7.83,7.5,7.75,7.33,7.42,9.33,10,10,7.83,82.5,0.12,800
Thailand,50,20,7.33,7.5,7.5,7.5,7.67,7.5,10,10,10,7.5,82.5,0.11,1450
"Tanzania, United Republic Of",37,60,7.67,7.42,7.33,7.58,7.5,7.5,10,10,10,7.5,82.5,0.12,1600
"Tanzania, United Republic Of",5,60,7.75,7,7.42,7.58,7.58,7.58,10,10,10,7.58,82.5,0.12,NA
Mexico,2,2,7.42,7.58,7.5,7.67,7.25,7.5,10,10,10,7.58,82.5,0,1600
Brazil,69,60,7.42,7.5,7.67,7.33,7.42,7.67,10,10,10,7.5,82.5,0.11,1260
Guatemala,250,69,7.83,7.42,7.33,7.67,7.42,7.5,10,10,10,7.33,82.5,0.12,1310.64
Colombia,250,70,7.5,7.5,7.42,7.42,7.58,7.58,10,10,10,7.5,82.5,0.11,1750
Guatemala,250,69,7.83,7.67,7.17,7.33,7.5,7.67,10,10,10,7.33,82.5,0.11,1310.64
Mexico,10,1,7.5,7.58,7.5,7.5,7.42,7.42,10,10,10,7.58,82.5,0.13,1679
Mexico,10,1,7.67,7.5,7.33,7.67,7.5,7.33,10,10,10,7.5,82.5,0.12,1100
Mexico,28,1,7.92,7.5,7.33,7.58,7.25,7.42,10,10,10,7.5,82.5,0.11,1650
Guatemala,275,1,7.67,7.33,7.33,7.33,7.5,7.83,10,10,10,7.5,82.5,0.11,NA
Brazil,300,60,7.67,7.42,7.33,7.67,7.5,7.5,10,10,10,7.42,82.5,0,1250
Colombia,275,70,7.67,7.5,7.33,7.5,7.25,7.67,10,10,10,7.58,82.5,0.11,1775
United States (Hawaii),7,100,7.33,7.42,7.33,7.75,7.42,7.67,10,10,10,7.58,82.5,0.12,NA
Guatemala,245,1,7.75,7.58,7.67,7.67,7.58,7.58,9.33,10,10,7.33,82.5,0.01,1600
Honduras,1,2,7.42,7.67,7.17,7.58,7.58,7.5,10,10,10,7.5,82.42,0.12,1500
Guatemala,50,69,7.58,7.5,7.33,7.75,7.33,7.5,10,10,10,7.42,82.42,0.1,1700
Guatemala,50,69,7.67,7.58,7.25,7.67,7.42,7.33,10,10,10,7.5,82.42,0.12,1700
Guatemala,20,69,7.58,7.5,7.25,7.67,7.5,7.5,10,10,10,7.42,82.42,0.12,157.8864
Guatemala,275,69,7.5,7.42,7.08,7.75,7.67,7.5,10,10,10,7.5,82.42,0.11,NA
Colombia,43,70,5.08,7.75,7.83,7.75,7.83,8.08,10,10,10,8.08,82.42,0.11,1600
China,3,60,7.67,7.42,7.42,7.5,7.42,7.42,10,10,10,7.58,82.42,0.1,1600
Brazil,300,60,7.42,7.5,7.33,7.5,7.25,7.42,10,10,10,8,82.42,0.11,NA
"Tanzania, United Republic Of",10,60,7.67,7.25,7.42,7.42,7.67,7.42,10,10,10,7.58,82.42,0.13,2285
Brazil,320,2,7.17,7.83,7.33,7.5,7.75,7.42,10,10,10,7.42,82.42,0,1
Guatemala,250,1,7.5,7.5,7.5,7.67,7.42,7.5,10,10,10,7.33,82.42,0.1,1400
Mexico,10,1,7.42,7.5,7.42,7.58,7.42,7.5,10,10,10,7.58,82.42,0.11,1296
Brazil,39,60,7.58,7.67,7.33,7.5,7.5,7.42,10,10,10,7.42,82.42,0.12,1000
Peru,320,5,7.58,7.58,7.58,7.75,7.5,7.58,9.33,10,10,7.5,82.42,0,NA
Brazil,220,60,7.25,7.33,7.25,7.5,7.42,7.5,10,10,10,8.17,82.42,0,1260
Mexico,10,1,7.5,7.58,7.5,7.92,7.42,7.67,9.33,10,10,7.5,82.42,0.12,1170
Honduras,1,2,7.25,7.67,7.42,7.17,7.75,7.5,10,10,10,7.67,82.42,0.09,NA
Colombia,250,70,7.67,7.42,7.33,7.5,7.58,7.5,10,10,10,7.42,82.42,0.11,1775
Mexico,49,1,7.5,7.42,7.42,7.67,7.42,7.58,10,10,10,7.42,82.42,0.12,1560
Mexico,20,1,7.42,7.58,7.5,7.42,7.58,7.5,10,10,10,7.42,82.42,0.13,1400
Mexico,35,1,7.42,7.58,7.33,7.58,7.5,7.5,10,10,10,7.5,82.42,0.14,1300
Mexico,10,1,7.75,7.33,7.25,7.58,7.58,7.33,10,10,10,7.58,82.42,0.13,1170
Mexico,74,1,7.5,7.58,7.33,7.5,7.5,7.5,10,10,10,7.5,82.42,0.11,1300
Mexico,26,1,7.58,7.58,7.17,7.5,7.5,7.5,10,10,10,7.58,82.42,0.14,1350
Mexico,10,1,7.58,7.33,7.33,7.58,7.5,7.5,10,10,10,7.58,82.42,0.11,1150
Mexico,1,1,7.67,7.58,7.33,7.42,7.58,7.33,10,10,10,7.5,82.42,0.13,1250
Mexico,10,1,7.83,7.5,7.42,7.67,7.17,7.33,10,10,10,7.5,82.42,0.12,1450
Colombia,250,70,7.67,7.33,7.25,7.42,7.5,7.67,10,10,10,7.58,82.42,0,442
Brazil,51,60,7.75,7.5,7.42,7.42,7.5,7.42,10,10,10,7.42,82.42,0.11,NA
Colombia,250,70,7.33,7.58,7.17,7.58,7.42,7.58,10,10,10,7.75,82.42,0,1750
Colombia,0,70,7.58,7.25,7.42,7.25,7.58,7.83,10,10,10,7.5,82.42,0.02,1750
Honduras,275,69,7.5,7.58,7.33,7.5,7.42,7.42,10,10,10,7.58,82.33,0.1,1396
Brazil,320,2,7.33,7.5,7.5,7.33,7.5,7.5,10,10,10,7.67,82.33,0.11,982
Brazil,305,59,7.42,7.42,7.42,7.5,7.5,7.58,10,10,10,7.5,82.33,0.11,NA
Brazil,320,60,7.5,7.5,7.42,7.5,7.42,7.5,10,10,10,7.5,82.33,0.11,934
Costa Rica,100,69,7.75,7.5,7.25,7.25,7.42,7.67,10,10,10,7.5,82.33,0.1,1850
Costa Rica,130,69,7.75,7.33,7.5,7.5,7.33,7.58,10,10,10,7.33,82.33,0,1550
China,3,60,7.5,7.58,7.42,7.5,7.42,7.42,10,10,10,7.5,82.33,0.12,1580
Brazil,12,2,8.25,7.83,7.25,8.33,8.17,8.08,10,6.67,10,7.75,82.33,0.07,1268
Brazil,300,60,7.42,7.5,7.5,7.42,7.5,7.58,10,10,10,7.42,82.33,0.11,NA
Guatemala,275,69,7.5,7.42,7.17,7.83,7.5,7.5,10,10,10,7.42,82.33,0.1,1676.4
Malawi,10,60,7.33,7.58,7.42,7.58,7.33,7.5,10,10,10,7.58,82.33,0.12,1450
Brazil,10,2,7.75,8.08,7.67,8.08,8.08,8,10,10,6.67,8,82.33,0.11,1100
Guatemala,250,69,7.58,7.67,7.5,7.58,7.75,7.5,9.33,10,10,7.42,82.33,0.12,1524
Mexico,320,5,7.33,7.58,7.42,7.5,7.5,7.5,10,10,10,7.5,82.33,0.11,NA
Colombia,250,3,7.42,7.33,7.5,7.17,7.08,8.33,10,10,10,7.5,82.33,0.1,1300
Taiwan,10,20,7.5,7.5,7.5,7.5,7.5,7.5,10,10,10,7.33,82.33,0.11,200
Taiwan,10,30,7.5,7.5,7.5,7.5,7.5,7.5,10,10,10,7.33,82.33,0.11,600
Guatemala,250,69,7.5,7.42,7.58,7.5,7.5,7.58,10,10,10,7.25,82.33,0.12,1310.64
Colombia,250,70,7.5,7.42,7.5,7.5,7.5,7.58,10,10,10,7.33,82.33,0,1750
Mexico,250,1,7.67,7.5,7.42,7.5,7.42,7.42,10,10,10,7.42,82.33,0.12,1300
Costa Rica,275,1,7.92,7.58,7.25,7.75,7.92,7.58,9.33,9.33,10,7.67,82.33,0,NA
Guatemala,275,69,7.67,7.5,7.33,7.67,7.5,7.33,10,10,10,7.33,82.33,0.11,1752.6
Mexico,10,1,7.58,7.67,7.58,7.33,7,7.58,10,10,10,7.58,82.33,0.15,441
Mexico,10,1,7.67,7.58,7.5,7.58,7.5,7.5,10,10,10,7,82.33,0.13,1170
Guatemala,250,1,7.5,7.67,7.33,7.5,7.33,7.5,10,10,10,7.5,82.33,0.1,1310.64
Brazil,16,60,7.58,7.5,7.42,7.5,7.5,7.42,10,10,10,7.42,82.33,0.12,1100
Mexico,10,1,8,7.75,7.33,7.33,7.08,7.67,9.33,10,10,7.83,82.33,0.11,1300
Brazil,44,60,7.58,7.58,7.25,7.58,7.42,7.5,10,10,10,7.42,82.33,0.11,950
Colombia,250,70,7.83,7.58,7.33,7.25,7.58,7.42,10,10,10,7.33,82.33,0,442
Brazil,1062,5,7.58,7.5,7.25,7.42,7.67,7.33,10,10,10,7.5,82.25,0.09,1100
Taiwan,1,10,7,7.08,7,7.17,7,7,10,10,10,10,82.25,0.1,NA
Guatemala,275,69,7.67,7.5,7.25,7.67,7.42,7.42,10,10,10,7.33,82.25,0.11,1450
Brazil,180,2,7.42,7.67,7.5,7.08,7.5,7.42,10,10,10,7.67,82.25,0,1
El Salvador,275,1,7.58,7.67,7.5,7.67,7.83,8.42,9.33,9.33,9.33,7.58,82.25,0.12,1500
Honduras,275,1,7.58,7.5,7.42,7.58,7.42,7.42,10,10,10,7.33,82.25,0.11,1350
Malawi,10,60,7.58,7.42,7.33,7.42,7.58,7.5,10,10,10,7.42,82.25,0.13,1180
Brazil,320,2,7.75,7.58,7.42,7.42,7.33,7.33,10,10,10,7.42,82.25,0.11,1100
Taiwan,35,60,7.5,7.5,7.5,7.5,7.5,7.5,10,10,10,7.25,82.25,0.11,650
Mexico,150,1,7.58,7.58,7.42,7.42,7.42,7.42,10,10,10,7.42,82.25,0.12,1338
United States (Hawaii),6,100,7.33,7.42,7.5,7.67,7.5,7.42,10,10,10,7.42,82.25,0,NA
Mexico,10,1,7.58,7.58,7.5,7.17,7.42,7.42,10,10,10,7.58,82.25,0.16,533
Guatemala,275,69,7.5,7.5,7.33,7.58,7.67,7.33,10,10,10,7.33,82.25,0.11,1390.8024
Mexico,10,1,7.5,7.58,7.42,7.67,7.33,7.42,10,10,10,7.33,82.25,0.13,1170
Mexico,40,1,7.67,7.58,7.33,7.5,7.42,7.42,10,10,10,7.33,82.25,0.12,1250
El Salvador,288,1,7.75,7.33,7.33,7.5,7.5,7.5,10,10,10,7.33,82.25,0,NA
Mexico,250,1,7.33,7.58,7.42,7.67,7.33,7.5,10,10,10,7.42,82.25,0.11,1100
Mexico,250,1,7.42,7.5,7.42,7.58,7.42,7.5,10,10,10,7.42,82.25,0.1,900
Colombia,250,70,7.5,7.42,7.67,7.33,7.58,7.33,10,10,10,7.42,82.25,0.12,1750
Colombia,100,70,7.67,7.33,7.33,7.33,7.5,7.5,10,10,10,7.58,82.25,0.11,1775
Brazil,84,60,7.67,7.58,7.42,7,7.5,7.58,10,10,10,7.5,82.25,0.12,NA
Colombia,149,70,7.17,7.25,7.58,7.25,7.58,7.67,10,10,10,7.75,82.25,0.22,NA
Brazil,320,60,7.42,7.42,7.5,7.42,7.42,7.5,10,10,10,7.5,82.17,0.11,934
Honduras,200,69,7.5,7.5,7.17,7.42,7.5,7.5,10,10,10,7.58,82.17,0.11,1500
Nicaragua,275,69,7.5,7.5,7.33,7.42,7.5,7.42,10,10,10,7.5,82.17,0.1,1000
"Tanzania, United Republic Of",30,80,7.58,7.42,7.42,7.33,7.5,7.42,10,10,10,7.5,82.17,0.13,1650
"Tanzania, United Republic Of",300,60,7.42,7.42,7.42,7.5,7.5,7.33,10,10,10,7.58,82.17,0.12,1600
Brazil,320,2,6.92,7.58,7.42,7.33,7.83,7.5,10,10,10,7.58,82.17,0,1
Thailand,1,1,7.42,7.42,7.17,7.75,7.25,7.67,10,10,10,7.5,82.17,0.12,800
Honduras,275,1,7.67,7.5,7.25,7.42,7.58,7.42,10,10,10,7.33,82.17,0.11,1350
Guatemala,250,69,7.42,7.42,7.5,7.5,7.42,7.5,10,10,10,7.42,82.17,0.09,1500
Brazil,300,60,7.58,7.5,7.42,7.25,7.5,7.42,10,10,10,7.5,82.17,0.12,NA
"Tanzania, United Republic Of",10,60,7.75,7.42,7.42,7.58,7.33,7.42,10,10,10,7.25,82.17,0.12,1700
Mexico,200,1,7.42,7.33,7.17,7.42,7.33,8.17,10,10,10,7.33,82.17,0.12,1100
Mexico,2,2,7.5,7.5,7.33,7.42,7.5,7.42,10,10,10,7.5,82.17,0.1,1400
Taiwan,60,60,7.5,7.5,7.5,7.5,7.5,7.5,10,10,10,7.17,82.17,0.11,1200
Taiwan,80,10,7.67,7.5,7.5,7.17,7.17,7.58,10,10,10,7.58,82.17,0,800
Colombia,250,70,7.33,7.25,7.25,7.58,7.75,7.5,10,10,10,7.5,82.17,0,1750
Mexico,10,1,7.5,7.67,7,7.5,7.33,7.5,10,10,10,7.67,82.17,0.15,1144
Guatemala,250,1,7.25,7.75,7,7.75,8.17,7.75,10,10,9.33,7.17,82.17,0.12,1350
Mexico,200,1,7.5,7.58,7.25,7.5,7.5,7.33,10,10,10,7.5,82.17,0.12,1000
Mexico,60,1,7,7.67,7.5,7.5,7.42,7.5,10,10,10,7.58,82.17,0.1,1200
Colombia,250,70,7.58,7.67,7.42,7.17,7.17,7.75,10,10,10,7.42,82.17,0.08,1800
Indonesia,2,1,7.5,7.5,7.42,7.42,7.5,7.42,10,10,10,7.33,82.08,0.15,1300
Colombia,275,70,7.75,7.58,7.42,7.67,7.83,7.58,9.33,9.33,10,7.58,82.08,0,NA
Brazil,320,60,7.42,7.58,7.42,7.5,7.42,7.25,10,10,10,7.5,82.08,0.11,894
Brazil,320,2,7.25,7.25,7.58,7.58,7.25,7.92,10,10,10,7.25,82.08,0,1
Costa Rica,275,350,7.75,7.42,7.42,7.25,7.17,7.42,10,10,10,7.67,82.08,0,1300
"Tanzania, United Republic Of",300,2,7.42,7.33,7.42,7.42,7.5,7.58,10,10,10,7.42,82.08,0.12,1500
"Tanzania, United Republic Of",1,60,7.42,7.5,7.5,7.33,7.33,7.5,10,10,10,7.5,82.08,0.12,1600
Colombia,1,5,7.5,7.42,7.42,7.42,7.67,7.42,10,10,10,7.25,82.08,0.11,NA
Costa Rica,150,69,7.58,7.33,7.33,7.33,7.5,7.67,10,10,10,7.33,82.08,0.11,13
United States (Hawaii),4,100,7.25,7.58,7.58,7.25,7.5,7.42,10,10,10,7.5,82.08,0.11,NA
Mexico,35,1,7.42,7.58,7.5,7.33,7.42,7.42,10,10,10,7.42,82.08,0.13,1300
Mexico,250,1,7.5,7.42,7.42,7.5,7.25,7.5,10,10,10,7.5,82.08,0.13,1800
Mexico,15,1,7.67,7.5,7.25,7.58,7.42,7.33,10,10,10,7.33,82.08,0.11,1250
Vietnam,1,2,7.67,8,7.17,7.08,7.67,7.08,10,10,10,7.42,82.08,0.12,1040
Mexico,250,1,7.58,7.42,7.25,7.75,7.33,7.42,10,10,10,7.33,82.08,0.11,1250
United States (Hawaii),10,100,7.33,7.5,7.33,7.58,7.08,7.83,10,10,10,7.42,82.08,0.1,NA
Colombia,275,70,7.67,7.42,7.67,7.33,7.25,7.58,10,10,10,7.17,82.08,0.08,1600
Honduras,275,69,7.5,7.5,7.17,7.5,7.5,7.42,10,10,10,7.42,82,0.12,1600
Honduras,275,69,7.5,7.5,7.25,7.33,7.42,7.5,10,10,10,7.5,82,0.1,1600
Brazil,230,60,7.5,7.33,7.42,7.5,7.33,7.42,10,10,10,7.5,82,0.11,944
"Tanzania, United Republic Of",2,80,7.67,7.33,7.33,7.42,7.42,7.42,10,10,10,7.42,82,0.13,1650
Laos,1,2,7.42,7.5,7.25,7.33,7.5,7.5,10,10,10,7.5,82,0.12,1250
"Tanzania, United Republic Of",1,60,7.42,7.42,7.33,7.58,7.33,7.42,10,10,10,7.5,82,0.12,1350
Malawi,16,60,7.5,7.42,7.33,7.58,7.33,7.5,10,10,10,7.33,82,0.13,2500
Taiwan,50,20,7.33,7.5,7.17,7.42,7.5,7.33,10,10,10,7.75,82,0.09,600
Thailand,1,1,7.58,7.5,7.42,7.42,7.33,7.42,10,10,10,7.33,82,0.11,800
Costa Rica,250,1,7.5,7.25,7.33,7.33,7.75,7.5,10,10,10,7.33,82,0.1,1300
Honduras,275,69,7.33,7.33,7.33,7.5,7.5,7.83,10,10,10,7.17,82,0.11,1400
Colombia,250,70,7.33,7.33,7.58,7.5,7.5,7.58,10,10,10,7.17,82,0.11,1900
Taiwan,30,10,7.42,7.58,7.33,7.42,8,7.5,9.33,10,10,7.42,82,0.12,650
Brazil,1,2,7.33,7.67,7.42,7.17,7.33,7.42,10,10,10,7.67,82,0.11,1038.5
Mexico,15,1,7.67,7.33,7.25,7.5,7.42,7.42,10,10,10,7.42,82,0.12,940
Brazil,50,60,7.42,7.5,7.33,7.5,7.33,7.5,10,10,10,7.42,82,0.12,1000
Brazil,75,60,7.42,7.5,7.25,7.5,7.5,7.42,10,10,10,7.42,82,0.11,1050
Guatemala,250,1,7.33,7.33,7.33,7.5,7.67,7.67,10,10,10,7.17,82,0.11,NA
Brazil,53,60,7.58,7.5,7.17,7.5,7.5,7.42,10,10,10,7.33,82,0.12,950
Guatemala,250,2,7.75,7.33,7.33,7.42,7.75,7.67,10,10,9.33,7.42,82,0,1402.08
Colombia,150,70,7.33,7,7.08,7.42,7.5,7.67,10,10,10,8,82,0.07,1775
Guatemala,25,69,7.58,7.5,7.25,7.58,7.58,7.5,9.33,10,10,7.58,81.92,0.1,1901
Guatemala,50,69,7.5,7.5,7.25,7.42,7.42,7.42,10,10,10,7.42,81.92,0.11,1219.2
Honduras,274,67,7.58,7.5,7.25,7.33,7.42,7.5,10,10,10,7.33,81.92,0.12,1400
Brazil,305,59,7.42,7.33,7.33,7.5,7.5,7.33,10,10,10,7.5,81.92,0.11,1020
El Salvador,275,69,7.67,7.58,7.33,7.5,7.5,7.67,10,10,9.33,7.33,81.92,0.11,1250
Guatemala,275,69,7.58,7.58,7.17,7.83,7.17,7.33,10,10,10,7.25,81.92,0.11,1550
"Tanzania, United Republic Of",114,60,7.33,7.33,7.33,7.42,7.5,7.58,10,10,10,7.42,81.92,0.12,1877
Nicaragua,275,5,7.58,7.42,7.25,7.17,7.5,7.67,10,10,10,7.33,81.92,0.12,NA
Zambia,13,2,7.67,7.08,7.42,7.33,7.75,7.42,10,10,10,7.25,81.92,0,1250
Honduras,1,2,7.42,7.33,7.33,7.58,7.33,7.5,10,10,10,7.42,81.92,0.11,NA
Taiwan,35,30,7.5,7.5,7.42,7.25,7.5,7.5,10,10,10,7.25,81.92,0.11,1000
Mexico,450,1,7.58,7.5,7.25,7.58,7.5,7.25,10,10,10,7.25,81.92,0.12,1300
Mexico,10,1,7.5,7.5,7.25,7.25,7.5,7.5,10,10,10,7.42,81.92,0.13,981
Mexico,10,1,7.5,7.42,7.25,7.5,7.33,7.33,10,10,10,7.58,81.92,0.14,690
Mexico,30,1,7.33,7.58,7.17,7.58,7.42,7.33,10,10,10,7.5,81.92,0.12,1650
Mexico,62,1,7.67,7.42,7.33,7.83,7.5,7.5,9.33,10,10,7.33,81.92,0.12,1000
Brazil,8,60,7.42,7.58,7.25,7.5,7.33,7.5,10,10,10,7.33,81.92,0.12,1100
Colombia,250,70,7.67,7.33,7.33,7.58,7.33,7.33,10,10,10,7.33,81.92,0.09,1600
Guatemala,25,69,7.42,7.5,7.25,7.5,7.33,7.42,10,10,10,7.42,81.83,0.1,157.8864
Costa Rica,15,46,7.25,7.33,7.5,7.33,7.67,7.42,10,10,10,7.33,81.83,0,1900
Brazil,200,59,7.42,7.5,7.42,7.5,7.42,7.25,10,10,10,7.33,81.83,0.11,973
Indonesia,166,30,7.75,7.83,7.58,7.75,7.92,7.83,10,10,10,5.17,81.83,0.11,1250
Guatemala,130,69,7.58,7.5,7.33,7.42,7.58,7.25,10,10,10,7.17,81.83,0.1,3280
Brazil,320,2,7.17,7.58,6.83,7.5,7.75,7.25,10,10,10,7.75,81.83,0,1
Brazil,300,2,7.58,7,6.92,6.92,7.67,7.5,10,10,10,8.25,81.83,0,1
Myanmar,1,2,7.33,7.58,7.5,7.42,7.33,7.33,10,10,10,7.33,81.83,0,4001
Mexico,250,2,7.58,7.5,7.33,7.5,7.17,7.33,10,10,10,7.42,81.83,0.11,1425
Honduras,275,1,7.5,7.5,7.33,7.5,7.42,7.25,10,10,10,7.33,81.83,0.12,1400
Costa Rica,275,18975,7.67,7.5,7.5,7.25,7.08,7.42,10,10,10,7.42,81.83,0.09,1300
Taiwan,8,5,7.67,7.33,7.17,7.25,7.75,7.33,10,10,10,7.33,81.83,0,700
Indonesia,300,10,7.42,7.42,7.42,7.33,7.42,7.42,10,10,10,7.42,81.83,0.11,1300
Malawi,24,60,7.58,7.42,7.33,7.33,7.33,7.42,10,10,10,7.42,81.83,0.13,1556
Brazil,320,2,7.33,7.58,7.25,7.17,7.83,7.33,10,10,10,7.33,81.83,0.11,1100
Honduras,275,1,7.5,7.5,7.33,7.33,7.33,7.33,10,10,10,7.5,81.83,0.1,1350
Mexico,280,2,7.42,7.42,7.25,7.5,7.33,7.42,10,10,10,7.5,81.83,0.11,1550
Colombia,50,70,7.5,7.5,7,7.42,7.5,7.58,10,10,10,7.33,81.83,0,1775
United States (Hawaii),19,100,7.83,7.83,7.83,8,7.83,7.83,10,6.67,10,8,81.83,0,NA
Brazil,300,60,7.75,7.75,7.5,7.42,7.83,7.75,9.33,9.33,9.33,7.83,81.83,0.12,1250
Guatemala,250,69,7.83,7.67,7.33,7.33,7.67,7.83,9.33,10,9.33,7.5,81.83,0.11,1310.64
Mexico,302,1,7.83,7.33,7.25,7.58,7.25,7.33,10,10,10,7.25,81.83,0.12,1500
Mexico,15,1,7.33,7.33,7.25,7.5,7.5,7.5,10,10,10,7.42,81.83,0.12,1250
Brazil,58,60,7.33,7.67,7.25,7.5,7.5,7.25,10,10,10,7.33,81.83,0.02,925
Colombia,250,70,7.58,7.5,7.17,7.58,7.33,7.33,10,10,10,7.33,81.83,0.05,1700
United States (Hawaii),30,0,7.25,7.58,7.83,7.67,7.75,7.75,9.33,9.33,10,7.33,81.83,0.02,NA
Guatemala,50,69,7.5,7.5,7.25,7.42,7.42,7.33,10,10,10,7.33,81.75,0.11,1700
Vietnam,1,2,7,7.08,7.33,7.5,7.5,7.33,10,10,10,8,81.75,0.12,1040
"Tanzania, United Republic Of",1,60,7.42,7.42,7.42,7.42,7.33,7.33,10,10,10,7.42,81.75,0.12,1600
Brazil,1,5,7.17,7.25,7.17,7.25,7.42,8.25,10,10,10,7.25,81.75,0.1,NA
Mexico,10,1,7.5,7.5,7.33,7.42,7.25,7.25,10,10,10,7.5,81.75,0.13,774
Mexico,100,1,7.42,7.5,7.17,7.67,7.33,7.42,10,10,10,7.25,81.75,0.13,1250
Mexico,42,1,7.42,7.5,7.33,7.58,7.33,7.33,10,10,10,7.25,81.75,0.11,1100
Mexico,250,1,7.33,7.42,7.33,7.67,7.42,7.25,10,10,10,7.33,81.75,0.12,1550
Mexico,28,1,7.5,7.42,7.25,7.33,7.67,7.25,10,10,10,7.33,81.75,0.12,1650
Colombia,250,70,7.33,7.42,7.33,7.33,7.5,7.67,10,10,10,7.17,81.75,0,1750
Colombia,275,70,7.42,7.58,6.92,7.08,7.25,8,10,10,10,7.5,81.75,0.08,1775
Brazil,320,60,7.42,7.5,7.25,7.5,7.5,7.25,10,10,10,7.25,81.67,0.11,890
Guatemala,50,69,7.42,7.42,7.08,7.42,7.33,7.42,10,10,10,7.58,81.67,0.1,1700
Guatemala,80,69,7.42,7.33,7.17,7.67,7.33,7.42,10,10,10,7.33,81.67,0.12,1219.2
Honduras,275,69,7.58,7.5,7.33,7.33,7.42,7.25,10,10,10,7.25,81.67,0.11,1450
"Tanzania, United Republic Of",320,60,7.17,7.33,7.33,7.42,7.5,7.33,10,10,10,7.58,81.67,0,1800
Nicaragua,275,69,7.58,7.5,7.25,7.25,7.5,7.25,10,10,10,7.33,81.67,0.1,NA
Colombia,165,70,7.75,7.75,7.75,7.67,5.25,7.83,10,10,10,7.67,81.67,0,NA
Brazil,320,2,7.25,7.75,6.92,7.42,7.5,7.58,10,10,10,7.25,81.67,0,1
"Tanzania, United Republic Of",20,60,7.42,7.33,7.25,7.42,7.5,7.42,10,10,10,7.33,81.67,0.12,1500
"Tanzania, United Republic Of",10,60,7.33,7.33,7.5,7.25,7.42,7.33,10,10,10,7.5,81.67,0.12,1700
Brazil,300,2,7.25,7.42,7.25,7.5,7.5,7.42,10,10,10,7.33,81.67,0.1,1260
Indonesia,320,4,7.17,7.42,7.33,7.42,7.33,7.42,10,10,10,7.58,81.67,0.11,NA
Honduras,275,1,7.5,7.33,7.5,7.5,7.17,7.17,10,10,10,7.5,81.67,0.1,1400
Costa Rica,275,69,7.5,7.17,7.17,7.17,7.5,7.08,10,10,10,8.08,81.67,0.11,1850
Mexico,320,5,7.42,7.42,7.67,8,7.58,7.5,9.33,9.33,10,7.42,81.67,0,NA
Taiwan,10,30,7.5,7.5,7.5,7.25,7.42,7.25,10,10,10,7.25,81.67,0.11,150
Taiwan,10,30,7.58,7.42,7.33,7.42,7.33,7.33,10,10,10,7.25,81.67,0.11,750
Mexico,310,1,7.5,7.42,7.08,7.58,7.33,7.33,10,10,10,7.42,81.67,0.12,1400
Guatemala,275,69,7.5,7.67,7.33,7.33,7.33,7.33,10,10,10,7.17,81.67,0.11,1752.6
Mexico,100,1,7.25,7.67,7.58,7.67,7.67,7.58,8.67,10,10,7.58,81.67,0.13,1650
Mexico,15,1,7.67,7.25,7.17,7.75,7.5,7.25,10,10,10,7.08,81.67,0.11,1400
Mexico,275,1,7.5,7.42,7.33,7.42,7.42,7.42,10,10,10,7.17,81.67,0.11,1200
Mexico,250,1,7.58,7.42,7.25,7.58,7.25,7.17,10,10,10,7.42,81.67,0.11,1400
Mexico,12,1,7.75,7.58,7.25,7.17,7.58,7.33,9.33,10,10,7.67,81.67,0.11,940
United States (Hawaii),13,100,7.42,7.33,7.33,7.33,7.17,7.83,10,10,10,7.25,81.67,0.1,NA
Honduras,275,69,7.5,7.42,7.08,7.42,7.5,7.33,10,10,10,7.33,81.58,0.11,1200
Guatemala,25,69,7.42,7.42,7.08,7.5,7.42,7.33,10,10,10,7.42,81.58,0.12,190164
Taiwan,20,50,7.42,7.42,7.25,7.67,7.33,7.25,10,10,10,7.25,81.58,0.1,800
Costa Rica,250,69,7.58,7.42,7.5,7.17,7.08,7.58,10,10,10,7.25,81.58,0.12,13
"Tanzania, United Republic Of",100,60,7.42,7.42,7.33,7.42,7.42,7.33,10,10,10,7.25,81.58,0.12,1800
Malawi,10,60,7.42,7.42,7.17,7.58,7.33,7.33,10,10,10,7.33,81.58,0.13,1100
Taiwan,50,20,7.33,7.17,7.08,7.08,8.33,8.25,10,10,9.33,7,81.58,0,850
Brazil,300,60,7.42,7.42,7.33,7.33,7.5,7.25,10,10,10,7.33,81.58,0.12,1260
Guatemala,250,69,7.42,7.33,7.17,7.58,7.42,7.5,10,10,10,7.17,81.58,0.12,1310.64
Mexico,310,1,7.67,7.5,7.42,7.5,6.75,7.42,10,10,10,7.33,81.58,0.12,1400
Mexico,28,1,7.33,7.5,7.25,7.5,7.5,7.17,10,10,10,7.33,81.58,0.11,1600
Mexico,28,1,7.67,7.58,7.42,7.58,7.58,7.42,10,10,8.67,7.67,81.58,0.11,1650
Thailand,12,50,7.08,7.33,7.58,7.58,7.17,7.5,10,10,10,7.33,81.58,0.01,1499.9208
Thailand,1,60,7.33,7.33,7.17,7.5,7.58,7.33,10,10,10,7.33,81.58,0.2,NA
Costa Rica,1,60,7.25,7.17,7.33,7.33,7.5,7.75,10,10,10,7.25,81.58,0,1600.2
Guatemala,50,69,7.67,7.58,7.17,7.42,7.33,7.42,9.33,10,10,7.58,81.5,0.1,1219.2
Nicaragua,550,69,7.5,7.42,7.33,7.33,7.25,7.33,10,10,10,7.33,81.5,0.11,1100
Honduras,275,69,7.5,7.5,7.33,7.42,7.17,7.25,10,10,10,7.33,81.5,0.1,1400
Guatemala,50,69,7.5,7.42,7.25,7.25,7.5,7.25,10,10,10,7.33,81.5,0.12,NA
Taiwan,123,2,7.5,7.42,7.33,7.08,7.58,7.25,10,10,10,7.33,81.5,0.12,180
Myanmar,1,1,7.25,7.42,7.25,7.5,7.33,7.33,10,10,10,7.42,81.5,0,1219.2
Costa Rica,250,1,7.83,7.33,7.08,7.08,7.33,7.5,10,10,10,7.33,81.5,0.12,1200
Malawi,15,60,7.67,7.42,6.92,7.5,7.5,7.17,10,10,10,7.33,81.5,0.12,1599
Guatemala,250,69,7.5,7.42,7.17,7.58,7.25,7.42,10,10,10,7.17,81.5,0.12,1219.2
Taiwan,50,20,7.42,7.33,7.67,7.33,7.42,7.5,10,10,9.33,7.5,81.5,0.11,900
Brazil,300,60,7.58,7.5,7.5,7.67,7.67,7.83,9.33,9.33,9.33,7.75,81.5,0,1200
Haiti,300,4,7.42,7.33,7.25,7.42,7.42,7.33,10,10,10,7.33,81.5,0.11,825
Taiwan,5,30,7.5,7.42,7.25,7.25,7.33,7.33,10,10,10,7.42,81.5,0.11,600
Mexico,250,1,7.33,7.33,7.17,7.42,7.5,7.5,10,10,10,7.25,81.5,0.13,1150
Mexico,250,1,7.58,7.42,7.25,7.42,7.33,7.33,10,10,10,7.17,81.5,0.12,1600
Mexico,30,1,7.42,7.25,7.17,7.42,7.17,8,10,10,10,7.08,81.5,0.12,1100
Mexico,20,1,7.33,7.5,7.33,7.33,7.33,7.42,10,10,10,7.25,81.5,0.11,1000
Mexico,50,80,7.42,7.42,7.33,7.17,7.25,7.42,10,10,10,7.5,81.5,0.13,1250
Mexico,15,1,7.5,7.5,7.25,7.5,7.42,7.58,9.33,10,10,7.42,81.5,0.11,1100
Indonesia,10,60,7.75,7.17,7.17,7.33,7.58,7.33,10,10,10,7.17,81.5,0.12,1400
Brazil,300,1,7.5,7.42,7.17,7.42,7.5,7.33,10,10,10,7.17,81.5,0.12,125
Guatemala,250,1,7.33,7.5,7.33,7.42,7.17,7.33,10,10,10,7.42,81.5,0.11,NA
Colombia,250,70,7.42,7.42,7.17,7.42,7.42,7.33,10,10,10,7.33,81.5,0.06,1450
United States (Hawaii),16,1,7.33,7.33,7.33,7.5,7.5,7.83,9.33,10,10,7.33,81.5,0,NA
Mexico,200,69,7.58,7.33,7.08,7.33,7.5,7.33,10,10,10,7.25,81.42,0.12,1100
Guatemala,450,69,7.42,7.33,7.08,7.58,7.33,7.25,10,10,10,7.42,81.42,0.1,1371.6
Brazil,300,60,7.33,7.5,7.5,7.33,6.83,7.42,10,10,10,7.5,81.42,0.11,1100
Honduras,275,1,7.5,7.33,7.17,7.25,7.5,7.42,10,10,10,7.25,81.42,0.12,1400
Taiwan,10,60,7.83,7.75,7.42,7.17,7.08,7.08,10,10,10,7.08,81.42,0.12,110
Malawi,12,60,7.58,7.17,7.33,7.42,7.08,7.42,10,10,10,7.42,81.42,0.12,1422
Brazil,320,2,7.25,7.5,7.42,7.17,7.33,7.33,10,10,10,7.42,81.42,0,1100
Guatemala,250,69,7.42,7.5,7.17,7.42,7.42,7.42,10,10,10,7.08,81.42,0.1,1550
Mexico,280,2,7.67,7.33,7.25,7.17,7.25,7.42,10,10,10,7.33,81.42,0,1550
Peru,280,5,7.42,7.42,7.17,7.33,7.42,7.42,10,10,10,7.25,81.42,0.1,NA
Guatemala,250,69,7.42,7.33,7.25,7.42,7.42,7.5,10,10,10,7.08,81.42,0.12,1310.64
Mexico,10,1,7.42,7.33,7.25,7.17,7.25,7.42,10,10,10,7.58,81.42,0.13,763
Mexico,20,1,7.42,7.42,7.25,7.25,7.5,7.33,10,10,10,7.25,81.42,0.13,1100
Colombia,250,70,7.5,7.42,7.25,7.17,7.17,7.75,10,10,10,7.17,81.42,0.11,1750
Colombia,250,70,7.75,7.33,7.42,7,7.33,7.25,10,10,10,7.33,81.42,0.16,1880
United States (Hawaii),27,0,7.83,7,7,7.58,7.58,7.5,10,10,10,6.92,81.42,0.01,NA
Colombia,230,70,7.5,7.33,7.33,7.17,7.33,7.42,10,10,10,7.25,81.33,0,NA
Honduras,275,69,7.5,7.5,7,7.17,7.5,7.33,10,10,10,7.33,81.33,0.11,1500
Mexico,220,69,7.67,7.42,7,7.42,7.58,7.08,10,10,10,7.17,81.33,0.12,1130
Brazil,300,60,7.25,7.33,7.33,7.33,7.33,7.42,10,10,10,7.33,81.33,0.11,1100
Honduras,275,1,7.58,7.42,7.17,7.42,7.17,7.17,10,10,10,7.42,81.33,0.09,1350
Brazil,300,60,7.17,7.33,7.42,7.25,7.42,7.33,10,10,10,7.42,81.33,0.12,1200
Philippines,2,2,7.08,7.33,7.42,7.33,7.33,7.5,10,10,10,7.33,81.33,0.14,1400
Malawi,31,60,7.75,7.33,7.08,7.33,7.33,7.25,10,10,10,7.25,81.33,0.13,1200
Honduras,275,1,7.33,7.33,7.17,7.33,7.5,7.33,10,10,10,7.33,81.33,0.12,1450
Mexico,250,1,7.58,7.42,7.25,7.33,7.25,7.25,10,10,10,7.25,81.33,0.13,1800
Mexico,70,1,7.33,7.25,7.17,7.42,7.58,7.33,10,10,10,7.25,81.33,0.12,1000
Brazil,42,5,7.5,7.58,7.5,7.5,7.75,7.83,9.33,9.33,9.33,7.58,81.33,0.11,1100
Taiwan,20,50,7.83,7.75,7.67,7.83,7.83,7.75,9.33,10,10,5.25,81.25,0.12,680
Brazil,320,2,7.17,7.42,7.17,7.08,6.92,8.17,10,10,10,7.33,81.25,0,1
Nicaragua,275,69,7.08,7.5,7.33,7.17,7.42,7.25,10,10,10,7.5,81.25,0.1,1100
Honduras,275,1,7.42,7.17,7.17,7.5,7.33,7.25,10,10,10,7.42,81.25,0.12,1400
Guatemala,36,55,7.33,7.42,7.17,7.25,7.42,7.33,10,10,10,7.33,81.25,0.09,1700
"Tanzania, United Republic Of",100,60,7.33,7.17,7.17,7.5,7.25,7.42,10,10,10,7.42,81.25,0.13,1700
Taiwan,10,30,7.5,7.5,7.25,7.25,7.25,7.25,10,10,10,7.25,81.25,0.11,650
Guatemala,250,69,7.5,7.33,7.5,7.58,7,7.25,10,10,10,7.08,81.25,0.11,1524
Mexico,250,1,7.42,7.42,7.33,7.33,7.5,7.42,9.33,10,10,7.5,81.25,0.12,1500
Nicaragua,275,69,7.33,7.5,7.17,7.17,7.58,7.17,10,10,10,7.25,81.17,0.09,1200
"Tanzania, United Republic Of",100,60,7.67,7.17,7.17,7.33,7.5,7.17,10,10,10,7.17,81.17,0.12,1050
Mexico,275,1,7.75,7.58,7.08,7.25,7.08,7.25,10,10,10,7.17,81.17,0.12,1200
Costa Rica,275,18975,7.5,7.5,7.33,7.17,7.08,7.17,10,10,10,7.42,81.17,0.11,1300
Honduras,275,1,7.42,7.33,7,7.42,7.33,7.33,10,10,10,7.33,81.17,0.13,1450
Thailand,20,20,6.83,7.42,7.42,7.17,7.5,7.42,10,10,10,7.42,81.17,0.12,1450
Philippines,2,2,7.25,7.25,7.25,7.08,7.58,7.5,10,10,10,7.25,81.17,0,1200
"Tanzania, United Republic Of",320,60,7.58,7.17,7.17,7.33,7.33,7.25,10,10,10,7.33,81.17,0.12,1550
Malawi,300,60,7.58,7.25,7.33,7.08,7.33,7.33,10,10,10,7.25,81.17,0.12,995
Costa Rica,250,1,7.33,7.08,7.33,7.25,7.33,7.58,10,10,10,7.25,81.17,0.11,1300
Brazil,300,1,7.42,7.42,7.17,7.42,7.33,7.25,10,10,10,7.17,81.17,0.11,NA
Mexico,250,1,7.42,7.25,7.08,7.75,7.42,7.17,10,10,10,7.08,81.17,0.13,1800
Guatemala,250,1,7.42,7.25,7.33,7.25,7.25,7.42,10,10,10,7.25,81.17,0.12,1450
Brazil,17,60,7.42,7.33,7.25,7.42,7.5,7.17,10,10,10,7.08,81.17,0.12,1000
United States (Hawaii),4,100,7.25,7.75,7.67,7.67,7.42,7.67,8.67,9.33,10,7.75,81.17,0.04,NA
Ethiopia,300,60,7.42,7.33,7.17,7.33,7.42,7.17,10,10,10,7.25,81.08,0.11,NA
Brazil,500,60,7.58,7.42,7.5,7.25,7.75,7.58,9.33,10,9.33,7.33,81.08,0.11,695
Nicaragua,275,69,7.33,7.33,7.33,7.42,7.33,7.33,10,10,10,7,81.08,0.11,1100
United States,1,5,7.42,7.17,7.33,7.42,7.25,7.33,10,10,10,7.17,81.08,0,1706.88
"Tanzania, United Republic Of",54,60,7.42,7.33,7.33,7.25,7.25,7.33,10,10,10,7.17,81.08,0.13,1456
Costa Rica,250,1,7.42,7.25,7.17,7.25,7.25,7.58,10,10,10,7.17,81.08,0.13,1500
United States (Puerto Rico),18,5,7.67,7.75,7.67,7.58,7.58,7.67,6.67,10,10,8.5,81.08,0,853.44
Mexico,100,1,7.25,7.42,7.33,7.33,7.17,7.33,10,10,10,7.25,81.08,0.13,1650
Mexico,30,1,7.33,7.25,7.33,7.42,7.25,7.42,10,10,10,7.08,81.08,0.12,1300
Mexico,40,1,7.33,7.33,7.25,7.42,7.25,7.25,10,10,10,7.25,81.08,0.11,1642
Mexico,15,1,7.42,7.33,7.25,7.42,7.17,7.25,10,10,10,7.25,81.08,0.1,1200
United States (Hawaii),2,100,7.42,7.42,7.25,7.58,6.92,7.17,10,10,10,7.33,81.08,0.06,NA
Brazil,300,59,7.25,7.25,7.17,7.5,7.33,7.17,10,10,10,7.33,81,0.11,NA
El Salvador,100,69,7.42,7.08,7.08,7.33,7.25,7.58,10,10,10,7.25,81,0,1450
Brazil,300,59,7.33,7.17,7.17,7.67,7.33,7.17,10,10,10,7.17,81,0.11,NA
Guatemala,120,69,7.42,7.25,7.17,7.5,7.25,7.17,10,10,10,7.25,81,0.09,3280
Colombia,43,70,7.67,7.5,7.42,5.25,7.67,7.75,10,10,10,7.75,81,0,1600
Guatemala,250,69,7.5,7.25,7,7.25,7.5,7.25,10,10,10,7.25,81,0.11,1219.2
Taiwan,10,5,7.25,7.17,7.17,7.25,7.5,7.33,10,10,10,7.33,81,0.12,758
Honduras,275,18975,7.42,7.25,7.25,7.33,7.25,7.17,10,10,10,7.33,81,0.12,1350
Brazil,300,60,7.67,7.75,7.83,7.75,7.83,7.75,10,6.67,10,7.75,81,0.12,NA
"Tanzania, United Republic Of",1,60,7.33,7.33,7.08,7.42,7.17,7.33,10,10,10,7.33,81,0.12,1525
Uganda,320,60,7.33,6.92,7.17,7.33,7.42,7.42,10,10,10,7.42,81,0.12,1700
Taiwan,10,30,7.5,6.92,7.33,7.33,7.33,7.33,10,10,10,7.25,81,0.11,1100
Thailand,2,1,7.33,7.42,7.25,7.42,7.25,7.17,10,10,10,7.17,81,0,800
Mexico,10,1,7.08,7.33,7.33,7.33,7.42,7.25,10,10,10,7.25,81,0.12,950
Mexico,200,1,7.58,7.67,7.5,7.67,7.58,7.5,8,10,10,7.5,81,0,1100
Taiwan,150,1,7.33,7.17,7.25,7.33,7.33,7.25,10,10,10,7.25,80.92,0,200
Guatemala,25,69,7.67,7.67,7.33,7.58,7.67,7.5,9.33,9.33,9.33,7.5,80.92,0.1,1901
Kenya,150,60,7.17,7.58,7.5,7.5,8,7.75,10,10,10,5.42,80.92,0.11,1600
Mexico,240,69,7.5,7.33,7.17,7.42,7.5,7.33,9.33,10,10,7.33,80.92,0.11,1100
Myanmar,2,2,7.17,7.42,7,7.58,7.33,7,10,10,10,7.42,80.92,0,1066.8
United States (Hawaii),7,100,7.42,7.08,7.17,7.17,7.58,7.25,10,10,10,7.25,80.92,0.1,NA
"Tanzania, United Republic Of",250,60,7.33,7.17,7.17,7.25,7.42,7.33,10,10,10,7.25,80.92,0.12,1700
Brazil,300,60,7.25,7.33,7.25,7.25,7.25,7.33,10,10,10,7.25,80.92,0.12,1200
Taiwan,10,60,7.92,7.67,7.33,7.08,7.08,7.08,10,10,10,6.75,80.92,0.09,550
Brazil,320,2,7.17,7.42,7.17,7.25,7.25,7.33,10,10,10,7.33,80.92,0.1,1100
Nicaragua,275,1,7.33,7.08,7.25,7,7.5,7.42,10,10,10,7.33,80.92,0.1,1050
Guatemala,250,69,7.58,7.42,6.92,7.5,7.25,7.17,10,10,10,7.08,80.92,0.12,1524
Taiwan,35,30,7.42,7.25,7.25,7.25,7.25,7.25,10,10,10,7.25,80.92,0.11,900
Taiwan,5,30,7.25,7.17,7.08,7.08,7.08,8.08,10,10,10,7.17,80.92,0.11,688
Taiwan,10,20,7.42,7.25,7.25,7.25,7.25,7.25,10,10,10,7.25,80.92,0.11,300
Mexico,60,1,7.58,7.33,7.08,7.5,7.17,7.25,10,10,10,7,80.92,0.13,1186
Thailand,3,1,7.67,7.58,7.33,7.33,7.17,7,10,10,10,6.83,80.92,0,NA
Laos,20,50,7.42,7.33,7.17,7.17,7.17,7.25,10,10,10,7.33,80.83,0,1300
Guatemala,250,1,7.67,7.25,7.08,7.33,7.17,7.25,10,10,10,7.08,80.83,0.11,1200
Mexico,15,1,7.17,7.08,7.25,7.42,7.25,7.33,10,10,10,7.33,80.83,0.13,1210
Mexico,30,1,7.33,7.25,7.33,7.33,7.25,7.17,10,10,10,7.17,80.83,0.11,1100
Mexico,100,1,7.5,7.17,7.33,7.25,7.17,7.17,10,10,10,7.25,80.83,0.13,100
United States (Hawaii),7,100,7.42,7.33,7,7.25,7.33,7.5,10,10,10,7,80.83,0.1,NA
Colombia,250,70,7.33,7.33,7,6.83,7.33,7.67,10,10,10,7.33,80.83,0.01,1800
Brazil,320,60,7.17,7.25,7.08,7.17,7.25,7.58,10,10,10,7.25,80.75,0,NA
Myanmar,1,2,6.92,7.5,7,7.58,7.5,7.08,10,10,10,7.17,80.75,0,3825
Guatemala,275,69,7.5,7.33,7,7.42,7.17,7.17,10,10,10,7.17,80.75,0.12,1706.88
Nicaragua,275,69,7.25,7.25,7.17,7.25,7.33,7.25,10,10,10,7.25,80.75,0.12,110000
Honduras,275,1,7.5,7.33,7,7.42,7.25,7.17,10,10,10,7.08,80.75,0.11,1450
Panama,100,60,7.25,7.33,7.17,7.33,7.33,7.17,10,10,10,7.17,80.75,0.11,1680
Honduras,275,1,7.42,7.17,7.08,7.42,7.25,7.25,10,10,10,7.17,80.75,0.09,1350
Honduras,275,1,7.25,7.33,7.08,7.5,7.25,7.33,10,10,10,7,80.75,0.13,1450
Costa Rica,250,3,7.33,7.33,7.25,7.25,7.17,7.17,10,10,10,7.25,80.75,0.11,1300
Mexico,30,1,7.58,7.33,7.42,7.25,7.5,7.5,9.33,9.33,10,7.5,80.75,0.11,1200
Haiti,1,2,7.42,7,7.42,7.25,7.08,7.33,10,10,10,7.25,80.75,0.12,1000
United States (Hawaii),3,2,7.08,7.33,7.17,7.25,7.33,7.67,10,10,10,6.92,80.75,0.13,NA
Taiwan,160,1,7.33,7.08,7.08,7.08,7.42,7.33,10,10,10,7.33,80.67,0,NA
Indonesia,200,30,7.58,7.42,7,7.67,7.5,7.5,9.33,9.33,10,7.33,80.67,0.13,1350
Guatemala,150,60,7.67,7.42,6.83,7.17,7.42,7.17,10,10,10,7,80.67,0.11,1500
Costa Rica,240,1,7.83,7.5,7.67,7.67,7.83,7.5,6.67,10,10,8,80.67,0.11,185
Malawi,100,60,7.5,7.25,7.17,7.17,7.25,7.17,10,10,10,7.17,80.67,0.12,995
Mexico,20,1,7.25,7.17,7.17,7.25,7.17,7.42,10,10,10,7.25,80.67,0.12,1200
Colombia,250,70,7.67,7.5,7.42,7.67,7.5,7.75,10,10,6.67,8.5,80.67,0,1550
Guatemala,250,69,7.67,7.17,7,7.5,7,7,10,10,10,7.33,80.67,0.12,1550
Guatemala,250,1,7,7.33,7.5,7.33,7,7.33,10,10,10,7.17,80.67,0.11,NA
Guatemala,250,1,7,7.5,7.33,7.17,7.17,7.17,10,10,10,7.33,80.67,0.11,NA
Colombia,149,70,7.17,7.25,7.08,7.42,7.08,7.42,10,10,10,7.25,80.67,0.18,NA
Brazil,94,60,7.33,7.25,7.33,7.08,7.58,7.25,9.33,10,10,7.42,80.58,0.11,NA
Nicaragua,275,69,7.08,7.5,7,7.25,7.42,7,10,10,10,7.33,80.58,0.11,NA
"Tanzania, United Republic Of",10,60,7.25,7.08,7.08,7.33,7.33,7.25,10,10,10,7.25,80.58,0.12,1400
Brazil,300,2,7.42,7.25,7.33,7,7.08,7.25,10,10,10,7.25,80.58,0,1200
Honduras,275,69,7.5,7.17,7,7.42,7.33,7,10,10,10,7.17,80.58,0.11,1400
Guatemala,275,69,7.17,7.42,6.83,7.5,7.17,7.25,10,10,10,7.25,80.58,0.11,1383.792
United States (Hawaii),10,100,7.42,7.58,7.5,7.92,7.83,7.83,8.67,8.67,9.33,7.83,80.58,0,NA
Colombia,149,70,7.08,7.25,7,7.5,7.08,7.33,10,10,10,7.33,80.58,0,NA
Taiwan,20,5,7.17,7.17,7.17,7.42,7.17,7.25,10,10,10,7.17,80.5,0,50
Guatemala,275,69,7.33,7.25,7.08,7.17,7.25,7.17,10,10,10,7.25,80.5,0.1,1500
Honduras,15,69,7.58,7.33,7,7.17,7.33,7.08,10,10,10,7,80.5,0.11,1650
Mauritius,1,2,7.25,7.25,7.17,7.17,7.25,7.17,10,10,10,7.25,80.5,0.12,280
Brazil,300,60,7.25,7.33,7.17,7.5,7.33,7.25,9.33,10,10,7.33,80.5,0.11,1250
Myanmar,1,2,7.17,7.33,7.17,7.42,7.25,7.08,10,10,10,7.08,80.5,0,3800
Guatemala,275,69,7.5,7.17,6.83,7.5,7.17,7.17,10,10,10,7.17,80.5,0.11,1219.2
Brazil,300,60,7.42,7.42,7.08,7.33,7.67,7.5,9.33,9.33,10,7.42,80.5,0.1,1250
United States (Hawaii),10,100,7.42,7.33,7.33,7.58,7.58,7.42,8.67,10,10,7.17,80.5,0.11,NA
Guatemala,250,1,7.5,7.5,7,7.67,7.17,7,10,10,10,6.67,80.5,0.12,1859.28
Mexico,18,1,7.25,7.25,7.08,7.33,7.25,7.17,10,10,10,7.17,80.5,0.15,1450
Honduras,275,69,7.25,7.42,7,7.42,7.33,7,10,10,10,7,80.42,0.1,1450
Taiwan,10,60,7.58,7.17,7.17,7.17,7.17,7.17,10,10,10,7,80.42,0.14,600
El Salvador,2,2,7.33,7.17,7.08,7.08,7.33,7.17,10,10,10,7.25,80.42,0,1450
China,1,2,7.25,7.08,7.25,7.17,7.33,7.17,10,10,10,7.17,80.42,0.17,1700
Taiwan,10,30,7.25,7.25,7.17,7.25,7.25,7.25,10,10,10,7,80.42,0.11,600
Mexico,250,1,6.92,7.17,7.08,7.5,7.33,7.17,10,10,10,7.25,80.42,0.1,1050
Mexico,250,1,7.42,7.08,7.08,7.33,7.25,7.17,10,10,10,7.08,80.42,0.12,1550
Burundi,300,60,7.08,7.25,7.17,7.33,7.08,7.08,10,10,10,7.33,80.33,0.12,1700
"Tanzania, United Republic Of",10,60,7.25,7.17,7,7.25,7.42,7.08,10,10,10,7.17,80.33,0.13,1700
"Tanzania, United Republic Of",1,60,7.25,7.17,7.25,7.25,7.25,7.08,10,10,10,7.08,80.33,0.12,NA
Taiwan,10,30,7.25,7.25,7.08,7.25,7.25,7.25,10,10,10,7,80.33,0.11,600
Guatemala,250,69,7.33,7.33,6.83,7.5,7,7.17,10,10,10,7.17,80.33,0.11,1310.64
Mexico,10,1,7.25,7.08,7.08,7.33,7.33,7.17,10,10,10,7.08,80.33,0.11,940
United States (Hawaii),10,100,7.17,7.5,6.92,7.33,7.67,7.33,9.33,10,10,7.08,80.33,0.12,NA
Ethiopia,360,6,7.25,7.25,7.25,7.33,7.5,8,9.33,9.33,10,7.08,80.33,0.1,NA
Brazil,440,59,7.17,7.33,7.42,7.08,7,7,10,10,10,7.25,80.25,0.11,995
Honduras,275,69,7.25,7.25,7,7,7.42,7,10,10,10,7.33,80.25,0.1,1400
Mexico,60,69,7.25,7.17,7,7.33,7.33,7,10,10,10,7.17,80.25,0.1,1600
Myanmar,2,2,8,7.08,7,7.33,7.08,6.92,10,10,10,6.83,80.25,0.11,914.4
Myanmar,1,2,7.42,7,7.08,7,7.17,7.33,10,10,10,7.25,80.25,0,4287
Nicaragua,275,69,7.08,6.92,7,7.25,7.5,7.25,10,10,10,7.25,80.25,0.11,900
United States (Hawaii),2,100,7.5,7.08,7.67,7.67,7.42,7.58,9.33,9.33,9.33,7.33,80.25,0.12,NA
Colombia,1,2,7.42,8,7.83,7.75,8.08,7.58,8.67,8.67,8.67,7.58,80.25,0.1,NA
Taiwan,5,30,7.25,7.08,7.25,7.25,7.17,7.25,10,10,10,7,80.25,0.11,700
Guatemala,250,1,7,7.17,7.33,7.33,7,7.17,10,10,10,7.25,80.25,0.11,1400
Mexico,10,1,7.58,7.33,7.17,7.25,6.75,7,10,10,10,7.17,80.25,0.11,808
Vietnam,1,2,7.42,7.25,7.25,7.58,7.42,7.33,8.67,10,10,7.25,80.17,0,1550
Nicaragua,275,2,7.17,7.08,7.08,7.33,7.25,7.08,10,10,10,7.17,80.17,0.11,1187.5
Honduras,275,1,7.25,7.25,7,7.17,7.08,7.08,10,10,10,7.33,80.17,0.11,1400
Guatemala,250,69,7.33,7.33,7,7.17,7.17,7.17,10,10,10,7,80.17,0.11,1310.64
Mexico,20,1,7.33,7.08,6.92,7.42,7.25,7.08,10,10,10,7.08,80.17,0.11,1250
Mexico,15,1,7.58,7.42,7.33,7.5,7.08,7.17,8.67,10,10,7.42,80.17,0.14,1550
Mexico,15,1,7.33,7.33,7.17,7.08,7.25,7,10,10,10,7,80.17,0.12,1000
Guatemala,250,1,7.33,7.33,7,7.33,7,7,10,10,10,7.17,80.17,0.11,1310.64
United States (Hawaii),22,100,7.58,7.5,7.33,7.33,7.67,7.33,9.33,9.33,9.33,7.42,80.17,0.05,NA
Brazil,440,60,7.17,7.17,7,7.17,7.25,7.25,10,10,10,7.08,80.08,0.11,1100
Taiwan,10,60,7.42,7.25,7.25,7.17,7,7,10,10,10,7,80.08,0.07,850
Nicaragua,1,5,7.25,7.17,6.92,7.25,7.17,7.25,10,10,10,7.08,80.08,0.1,NA
Taiwan,10,30,7.25,7.25,7.25,7.25,7.08,7,10,10,10,7,80.08,0.11,200
Taiwan,10,30,7.25,7.25,7.25,7,7.25,7.08,10,10,10,7,80.08,0.11,150
Taiwan,10,30,7.25,7.25,7.25,7.08,7.17,7.08,10,10,10,7,80.08,0.11,250
Mexico,13,1,7.33,7.17,7.25,7.08,7.08,7.08,10,10,10,7.08,80.08,0.15,1300
Mexico,10,1,7.25,7.08,7,7.17,7.33,7.17,10,10,10,7.08,80.08,0.14,1300
Nicaragua,275,69,7.33,7.08,6.92,7.08,7.42,7.17,10,10,10,7,80,0.1,1250
Myanmar,1,2,7.17,7.33,7,7.42,7.17,7,10,10,10,6.92,80,0,3845
Mexico,280,2,7.58,7.75,7.42,7.5,7.5,7.5,8.67,8.67,10,7.42,80,0,1400
Taiwan,10,30,7.25,7.25,7.25,7,7.25,7,10,10,10,7,80,0.11,250
Thailand,2,1,7.33,6.67,7.08,7.42,7.42,7.08,10,10,10,7,80,0,800
Mexico,20,1,7.25,7.25,7.08,7.17,7.33,7.33,9.33,10,10,7.25,80,0.12,1250
Mexico,256,1,7.08,7.33,7,7.33,7.08,7,10,10,10,7.17,80,0.11,1100
Ethiopia,300,6,7.42,7.42,7.5,7.92,7.75,7.58,8.67,9.33,8.67,7.75,80,0.05,NA
Colombia,275,2,7.83,7.67,7.58,7.75,7.83,7.17,6.67,10,10,7.42,79.92,0,NA
United States (Hawaii),12,100,7.5,7,7,6.92,7.33,7.17,10,10,10,7,79.92,0.11,NA
Mexico,400,1,7.33,7.08,7.08,7.33,7.42,7.17,9.33,10,10,7.17,79.92,0.12,1300
Mexico,10,1,7.17,7.17,6.92,7.25,7.33,7.08,10,10,10,7,79.92,0.12,1100
Mexico,82,1,7.5,7.17,7,7.17,7.25,7.08,10,10,10,6.75,79.92,0,1100
Mexico,250,1,7.17,7.08,7.08,7.08,7.5,7.33,9.33,10,10,7.33,79.92,0.11,1100
Mexico,100,1,7.33,7.25,7,7.42,7.17,7.17,9.33,10,10,7.25,79.92,0.12,1250
Mexico,209,1,7.17,7.33,7.08,7.58,7.33,7.08,10,9.33,10,7,79.92,0.11,1250
United States (Hawaii),40,100,7.5,7.42,7.58,7.42,7.5,7.58,8.67,8.67,10,7.58,79.92,0.05,NA
Kenya,200,12000,7,7.08,7,7.17,7.25,7.25,10,10,10,7.08,79.83,0.11,1500
Guatemala,50,69,7.33,7.25,6.92,7.33,7.25,7.33,9.33,10,10,7.08,79.83,0.1,1700
Nicaragua,75,2,6.83,7.17,7.17,6.92,7.5,7.08,10,10,10,7.17,79.83,0.11,1250
Mexico,250,1,7.17,7.08,7,7.25,7.5,7,10,10,10,6.83,79.83,0.12,1300
United States (Hawaii),12,100,7.58,7.08,6.83,7.17,7.5,7.17,9.33,10,10,7.17,79.83,0.12,NA
Guatemala,25,69,7.5,7.42,7.25,7.58,7.33,7.42,9.33,9.33,9.33,7.25,79.75,0.1,190164
Taiwan,28,50,7.75,7.33,7.17,7.33,7.67,7.83,9.33,9.33,8.67,7.33,79.75,0,1000
Taiwan,50,20,7.08,7.08,7.25,7,7.17,7.17,10,10,10,7,79.75,0.1,600
Thailand,1,1,7.25,7.08,6.92,7.5,7.08,6.92,10,10,10,7,79.75,0.12,800
Peru,320,5,7,7.08,7,7.25,7.5,7.42,9.33,10,10,7.17,79.75,0.12,NA
Costa Rica,275,2,7.58,7.5,7.67,7.75,7.67,7.58,8,8,10,8,79.75,0.1,1100
Mexico,310,1,7.58,7.08,7,7,7.5,6.92,10,10,10,6.67,79.75,0.12,1400
Mexico,275,1,7.58,7.08,6.92,7.58,7.5,6.92,10,9.33,10,6.83,79.75,0.13,1022
Mexico,380,1,7.25,7.08,7,7.17,7.17,7.08,10,10,10,7,79.75,0.12,1300
Mexico,12,1,7.25,7.17,7.17,7.08,7.17,7,10,10,10,6.92,79.75,0.14,1450
Mexico,250,1,7.33,7.25,7,7.08,7.08,7,10,10,10,7,79.75,0.1,1050
Guatemala,275,69,7.58,7.33,7.5,7.33,7,7.33,9.33,9.33,9.33,7.67,79.75,0,NA
Mexico,36,1,7.25,6.83,6.92,7.08,7.25,7.08,10,10,10,7.33,79.75,0.12,1100
Guatemala,25,69,7.42,7.42,7.25,7.58,7.42,7.33,9.33,9.33,9.33,7.25,79.67,0.1,1219.2
El Salvador,275,69,7.25,7.08,7,6.83,7.33,7.17,10,10,10,7,79.67,0,1250
Thailand,1,1,6.92,7.17,6.83,7.42,7.17,7.08,10,10,10,7.08,79.67,0.12,800
Guatemala,250,69,7.5,7,6.83,7.08,7.08,7.17,10,10,10,7,79.67,0.11,1310.64
Mexico,310,1,7.42,7.25,6.83,7.58,7.17,6.58,10,10,10,6.83,79.67,0.12,1400
Mexico,10,1,7.33,7.17,7,6.75,7.08,7,10,10,10,7.33,79.67,0.13,975
Mexico,253,1,6.92,7.17,7.17,7.17,7.08,7.08,10,10,10,7.08,79.67,0,1264
Thailand,5,1,7.17,7.17,7,7,7.25,6.92,10,10,10,7.17,79.67,0,NA
Mexico,50,1,7.08,7,6.92,7.33,7.25,7.08,10,10,10,6.92,79.58,0.12,1250
Mexico,250,1,7.25,6.92,6.92,7.33,7.25,7,10,10,10,6.92,79.58,0.13,1550
Colombia,250,70,7.25,7.17,7,6.75,7.17,7.33,10,10,10,6.92,79.58,0.1,1800
Guatemala,223,69,7.08,7,6.83,7.33,7.25,7,10,10,10,7.08,79.58,0.17,1325.88
Nicaragua,275,69,6.92,6.92,7,7.42,7.25,7,10,10,10,7,79.5,0.12,1050
Taiwan,10,2,6.92,7,7.17,7,7.42,7,10,10,10,7,79.5,0,700
Colombia,250,70,7.83,7.5,7.42,7.42,7.67,7.5,10,6.67,10,7.5,79.5,0,1550
Mexico,250,1,7.25,7.08,6.92,7.25,7.58,7.08,9.33,10,10,7,79.5,0.12,1550
Mexico,127,1,7.25,7.33,7,7.25,7.17,7.17,9.33,10,10,7,79.5,0.12,1100
Guatemala,250,69,7.08,7.33,7.25,7.58,7.33,7.42,9.33,9.33,9.33,7.42,79.42,0.1,1219.2
Guatemala,275,69,7.25,7.33,6.83,7,7,7.17,10,10,10,6.83,79.42,0.1,1219.2
Mexico,10,1,7,6.83,6.83,7.42,7.33,7.17,10,10,10,6.83,79.42,0.13,800
Cote d?Ivoire,2,1,7.42,7.25,6.83,7,7.33,7.08,9.33,10,10,7.08,79.33,0.13,200
Colombia,250,3,7.42,7.25,6.75,7.25,7.42,7.25,9.33,9.33,10,7.33,79.33,0,1200
Mexico,30,1,7,7,6.83,7.33,7.42,6.92,10,10,10,6.83,79.33,0.14,950
Mexico,50,1,7.42,7.17,7.08,7.17,7.08,7.08,9.33,10,10,7,79.33,0.14,750
Guatemala,250,1,7.17,6.5,6.33,7.25,7.58,7.33,10,10,10,7.17,79.33,0.11,NA
Taiwan,50,20,7.08,6.83,6.83,7.25,7.42,7.08,10,10,10,6.75,79.25,0.11,850
Mexico,12,1,7,7,6.92,7.17,7.17,7.08,10,10,10,6.92,79.25,0.13,1000
Guatemala,50,69,7.33,7.42,7.33,7.42,7.5,7.42,8.67,9.33,9.33,7.42,79.17,0.1,1219.2
Honduras,15,69,7.58,7,6.75,6.92,7,6.92,10,10,10,7,79.17,0.11,1650
Guatemala,250,69,7.08,7,6.92,7.42,7,6.92,10,10,10,6.83,79.17,0.11,1320
Guatemala,275,69,7.25,7.17,6.75,7.25,7,6.92,10,10,10,6.83,79.17,0.11,1550
Costa Rica,1,2,7.17,7.42,7.5,8,7.25,7.83,10,10,6.67,7.33,79.17,0.1,NA
Mexico,10,1,7.25,7.08,6.92,7.08,7.17,7.17,9.33,10,10,7.17,79.17,0.14,1550
Mexico,53,1,7.17,6.92,6.92,7.08,7.17,7,10,10,10,6.92,79.17,0.14,1450
Mexico,250,6,6.75,6.75,6.83,7.25,7.58,7.08,10,10,10,6.92,79.17,0.01,1200
Guatemala,50,69,7.58,7.67,7.42,7.42,7.67,7.67,8.67,8.67,8.67,7.67,79.08,0.1,1700
United States (Puerto Rico),18,5,7.42,7.08,6.75,7.33,7.33,6.92,10,9.33,10,6.92,79.08,0.13,853.44
Mexico,13,1,7.33,7,6.92,7.25,7.33,7.08,9.33,10,10,6.83,79.08,0.16,1500
Mexico,10,1,7.25,7.08,6.75,7.33,7.42,7,9.33,10,10,6.92,79.08,0.11,1100
Mexico,10,1,7.17,7.25,7.25,7.17,7.25,7.08,9.33,9.33,10,7.25,79.08,0.1,1200
,149,70,6.75,6.75,6.42,6.83,7.58,7.5,10,10,10,7.25,79.08,0.1,NA
Guatemala,250,69,7.33,7.17,6.58,7.42,7.08,6.83,10,10,10,6.58,79,0.12,1219.2
Honduras,275,2,7,7,7,7,7,7,10,10,10,7,79,0.11,1350
Peru,280,69,7.67,7.17,7.08,7.25,8,7.5,8.67,9.33,9.33,7,79,0,1400
Mexico,14,1,6.75,7.08,6.67,7.25,7.17,7.08,10,10,10,7,79,0.12,1300
Mexico,16,1,7.5,7.17,6.92,7.5,7.25,7,8.67,10,10,7,79,0.14,1550
Mexico,120,1,7.17,6.83,6.83,7.25,7.17,6.92,10,10,10,6.83,79,0.14,12
Mexico,250,1,7.33,7,6.75,7.08,7.17,7.25,9.33,10,10,7,78.92,0.12,1300
Mexico,14,1,7.5,7,6.92,7.08,6.92,6.75,10,10,10,6.75,78.92,0.16,1400
Nicaragua,1,1,7.17,7,6.92,7,7,7,10,10,10,6.75,78.83,0.1,1100
United States (Hawaii),11,2,7.5,6.92,6.92,7.25,7.58,7.42,9.33,9.33,9.33,7.17,78.75,0.12,NA
Guatemala,250,69,7.33,7.08,6.33,7.25,7,7,10,10,10,6.75,78.75,0.12,1310.64
Mexico,20,1,7.25,6.83,6.83,7,7.17,7,10,10,10,6.67,78.75,0.14,1320
Mexico,35,1,7.25,7.33,7.17,7.25,7.08,7,8.67,10,10,7,78.75,0.14,1250
Mexico,10,1,7.67,7.17,6.83,7.33,7.58,7.17,9.33,10,8.67,7,78.75,0.12,1350
China,1,2,7,6.92,6.83,7.17,7.17,7.17,10,10,9.33,7.08,78.67,0,1850
Mexico,20,1,6.92,6.92,6.67,7.25,7.17,6.92,10,10,10,6.83,78.67,0.13,1150
Nicaragua,275,69,7.08,7,6.75,6.83,7.08,6.92,10,10,10,6.92,78.58,0.1,NA
Nicaragua,275,2,6.83,7.08,6.92,6.75,7.25,7.08,10,10,10,6.67,78.58,0.11,NA
Guatemala,250,69,7.33,7.17,6.92,7.58,7.25,7.17,8.67,9.33,10,7.17,78.58,0.12,1219.2
Taiwan,50,20,6.83,6.75,7.17,7.25,7,6.92,10,10,10,6.67,78.58,0.1,800
Mexico,250,1,7,7,6.75,7.33,6.92,6.92,10,10,10,6.67,78.58,0.13,1400
Mexico,50,1,7.92,7.58,7.58,7.92,7.92,7.5,8,6.67,10,7.5,78.58,0.1,1300
United States (Hawaii),8,100,7.92,6.83,7.08,7.42,6.75,7.33,8.67,9.33,10,7.25,78.58,0,NA
Mexico,280,69,7.25,6.75,6.92,6.92,7.25,7.58,9.33,9.33,10,7.17,78.5,0,1600
Mexico,10,1,7.08,6.83,6.83,7,7,6.92,10,10,10,6.83,78.5,0.12,1400
Mexico,20,1,7.25,7.17,7,6.83,7.58,7.08,8.67,10,10,6.92,78.5,0.13,1200
Brazil,300,60,6.83,7,6.92,7.08,6.92,6.83,10,10,10,6.83,78.42,0.12,NA
Mexico,10,1,7.58,7.17,7,7.17,7.33,7,8,10,10,7.17,78.42,0.14,1500
United States (Hawaii),5,100,7.5,7.75,7.58,7.83,7.92,7.92,7.33,8,8.67,7.83,78.33,0.1,NA
Guatemala,275,69,7.17,6.5,6.67,7,7.17,7.17,10,10,10,6.67,78.33,0.1,1219.2
Guatemala,250,1,7.17,7.17,6.5,7.17,7,6.83,10,10,10,6.5,78.33,0.11,1310.64
Mexico,100,1,7.25,7.25,7,7.5,7.33,7.42,8,9.33,10,7.75,78.33,0.13,1300
Guatemala,250,1,7.17,6.08,6.17,7.25,7.33,7.33,10,10,10,7,78.33,0.11,NA
United States (Hawaii),18,100,7.5,7.5,7.33,7.58,7.5,7.42,8.67,8.67,8.67,7.42,78.25,0.11,NA
United States (Hawaii),5,100,7.42,7.33,7.33,7.5,7.67,7.75,8,8.67,9.33,7.25,78.25,0.11,NA
Indonesia,2,1,6.92,6.83,6.92,6.92,6.92,6.83,10,10,10,6.83,78.17,0.13,1300
Mexico,320,1,7.08,6.83,6.67,7.25,7.25,6.92,10,9.33,10,6.75,78.08,0.11,1050
Taiwan,8,10,7.5,7.08,7.33,7.17,7.5,7.5,6.67,10,10,7.25,78,0,650
Honduras,275,2,6.83,7,6.67,7,7,6.83,10,10,10,6.67,78,0.11,1350
United States (Hawaii),5,100,7.58,7.33,7.5,7.42,7.5,7.33,8,8.67,9.33,7.33,78,0.12,NA
Guatemala,275,69,7.42,7.25,6.83,7.33,7,6.92,9.33,9.33,9.33,7.25,78,0.1,1219.2
China,16,2,7.33,7.17,6.92,7.08,7.33,7,9.33,9.33,9.33,7.17,78,0.1,1200
Guatemala,250,69,7,6.83,6.83,7.17,6.67,6.83,10,10,10,6.67,78,0.11,1310.64
Mexico,10,1,7.25,7.33,7,7,7.25,7.08,10,10,8,7.08,78,0.12,850
Colombia,202,70,7.42,7.17,7,7.17,7.67,7.17,8.67,9.33,9.33,7.08,78,0.1,NA
Costa Rica,250,1,7.5,7.25,7.42,7,7.08,6.83,8.67,9.33,10,6.83,77.92,0.12,1200
Mexico,50,1,7.42,7.25,7,7,7.25,7.08,8,10,10,6.92,77.92,0.11,1248
Guatemala,250,1,7.17,6.17,6.17,7.08,7.33,6.83,10,10,10,7.17,77.92,0.11,NA
Nicaragua,275,69,7.42,7,7,7.17,7.08,7,9.33,8.67,10,7.17,77.83,0.1,1000
Brazil,1,5,7,6.75,6.67,6.83,7.08,6.83,10,10,10,6.67,77.83,0.11,NA
Guatemala,250,1,7,6.83,6.67,7.17,6.83,6.83,10,10,10,6.5,77.83,0.11,1310.64
Taiwan,100,10,7.17,6.75,6.58,7.33,7.33,7.17,9.33,9.33,10,6.67,77.67,0.11,775
United States (Hawaii),5,100,7.58,7.67,7.58,7.67,7.42,7.42,9.33,9.33,6,7.58,77.58,0.12,NA
Mexico,23,1,7.17,6.75,6.58,6.75,6.83,6.75,10,10,10,6.67,77.5,0.13,1300
Guatemala,250,1,7.08,6.92,6.33,7,6.92,7,10,10,10,6.17,77.42,0.11,1310.64
Brazil,320,60,7.5,7.33,7.42,7.58,7.58,6.92,8,8,10,7,77.33,0,890
Guatemala,275,69,7.33,7,6.83,7.17,7.17,7.17,9.33,9.33,9.33,6.67,77.33,0.1,1219.2
Mexico,10,1,7.33,7,6.67,7,6.92,6.92,9.33,9.33,10,6.83,77.33,0.15,1500
Haiti,1,4,6.83,6.83,6.83,6.75,6.92,6.92,9.33,10,10,6.83,77.25,0.1,825
United States (Hawaii),9,2,7.08,6.92,6.83,6.67,7.58,7.42,8.67,9.33,10,6.75,77.25,0.12,NA
Mexico,10,1,7.08,7,7,7.25,7.33,7.25,8.67,8.67,10,6.92,77.17,0.12,1200
Peru,275,2,7.42,7.75,7.42,7.67,7.92,7.83,8.67,5.33,9.33,7.67,77,0,1200
India,20,50,7.67,7.33,7.17,6.67,7.17,7.42,9.33,10,6.67,7.42,76.83,0,NA
Mexico,250,6,6.67,6.33,6.42,6.83,7,6.92,10,10,10,6.58,76.75,0,1200
Guatemala,250,2,6.42,6.5,6.5,7.33,6.33,6.92,10,10,10,6.5,76.5,0.12,NA
Mexico,10,1,7.17,6.58,6.58,7,7.25,6.58,9.33,9.33,10,6.58,76.42,0.13,1100
Guatemala,250,69,7.5,7,6.83,7.5,7.17,7.33,8.67,8.67,8.67,7,76.33,0.11,1310.64
Guatemala,250,2,6.17,6.5,6.5,7.17,7,6.83,10,10,10,6.17,76.33,0.11,NA
United States (Hawaii),2,100,7.25,7.08,6.83,7.17,7.33,6.83,8.67,8.67,9.33,7.08,76.25,0,NA
United States (Hawaii),6,100,7.5,7.33,7.33,7.58,7.67,7.25,8,8,8,7.5,76.17,0,NA
Mexico,11,1,7.42,7,6.83,7.08,6.92,6.83,7.33,10,10,6.75,76.17,0.16,1400
Indonesia,15,2,7.33,7,6.5,6.08,7.58,6.33,9.33,10,9.33,6.67,76.17,0.12,3500
Mexico,20,1,7.08,6.83,6.83,7.17,7.17,7.08,10,7.33,10,6.58,76.08,0.12,1250
Honduras,275,2,6.83,6.83,6.67,6.83,7,6.83,9.33,8.67,10,7,76,0.11,1350
Philippines,1,2,6.83,6.5,6.5,6.92,6.75,7,9.33,10,9.33,6.67,75.83,0.12,1000
Brazil,440,59,7.17,7,6.83,7.5,7.17,7,8,8,10,7,75.67,0.11,NA
Guatemala,250,1,7.92,7.58,7.17,7.58,7.33,7.17,8,8,8,6.83,75.58,0.11,1310.64
Guatemala,250,1,6.67,6.5,6.33,7,7.17,6.75,8.67,10,10,6.5,75.58,0.12,NA
Mexico,10,1,7.5,7.25,6.92,7,7.17,6.83,8,8,10,6.83,75.5,0.11,1100
Mexico,100,1,7.17,6.92,6.67,6.83,7.25,7.75,10,6,10,6.58,75.17,0.11,1200
Mexico,36,1,7.25,6.83,6.67,7.08,7.17,6.83,10,6.67,10,6.67,75.17,0.12,1100
Mexico,18,1,7.17,7.17,6.83,7.17,7.42,6.67,8.67,7.33,10,6.75,75.17,0.13,1280
Mexico,43,1,7,6.92,6.75,6.92,7.17,6.83,10,6.67,10,6.75,75,0.14,850
Mexico,14,1,7.08,6.75,6.58,7,7,6.75,8.67,8.67,10,6.42,74.92,0.17,1500
Mexico,20,1,7.33,6.75,6.67,7.25,7.5,7,10,5.33,10,7,74.83,0.12,1250
Guatemala,250,1,6.75,6.5,6.17,7,7.25,6.75,8,10,10,6.33,74.75,0.11,NA
Guatemala,250,1,6.75,6.67,6.17,7.17,7,6.58,8,10,10,6.42,74.75,0.11,NA
Mexico,275,1,7.08,7,6.83,7.5,7.33,6.83,8,7.33,10,6.75,74.67,0.12,1700
United States (Hawaii),3,100,7.5,7.25,7,7.25,7.42,7.33,8,8.67,6.67,7.33,74.42,0,NA
Guatemala,250,69,6.5,6.33,6.5,7.5,7.33,6.83,8.67,10,8.67,6,74.33,0.11,1310.64
Mexico,20,1,7,6.58,6.67,6.83,7.08,6.83,10,6.67,10,6.67,74.33,0.14,1140
Mexico,100,1,6.92,6.42,6.17,7.33,7.25,6.75,10,6.67,10,6.5,74,0.13,1200
Mexico,20,1,7.67,7,7.17,7.58,7.33,7.33,10,2.67,10,7.08,73.83,0.12,1250
United States (Hawaii),22,100,7.17,7.17,7.17,7.58,7.67,6.92,9.33,6.67,6.67,7.33,73.67,0,NA
Brazil,300,60,7.25,6.58,6.58,7,7,6.42,8,8,10,6.67,73.5,0.11,NA
Honduras,275,2,7,7.17,6.83,7.17,7,7.17,8,8,8,7.08,73.42,0.11,1350
Mexico,280,69,7.08,7.08,6.92,7.08,6.92,6.92,8,8,8,6.92,72.92,0,1200
Colombia,1,5,8,7.33,7.75,7.33,7.42,7.67,6.67,6.67,6.67,7.33,72.83,0,NA
United States (Hawaii),11,100,6.92,6.92,6.92,7.5,7.58,7.17,6.67,6.67,9.33,6.92,72.58,0.11,NA
Haiti,85,130,6.92,6.75,7.08,7.17,7.33,6.67,10,5.33,8.67,6.42,72.33,0.08,1020
Costa Rica,250,1,6.33,6.5,6.33,6.83,6.33,6.5,10,6.67,10,6.25,71.75,0.11,1200
Mexico,10,1,6.92,6.92,6.92,6.92,7.17,7,10,2.67,10,6.58,71.08,0.12,800
Mexico,25,1,6.5,6.67,6.42,7.17,7.33,6.5,8,6,10,6.42,71,0.11,1800
Mexico,280,2,6.92,7,6.83,6.92,7.42,6.92,6,6,10,6.75,70.75,0.12,1000
Brazil,305,59,7,7,6.83,7,7.33,6.83,6,6,10,6.67,70.67,0.11,NA
Honduras,275,1,6.67,6.5,6.17,6.67,6.83,6.17,8,8,8,6.33,69.33,0.1,1450
Honduras,275,1,7,6.17,6.17,6.67,6.5,6.17,8,8,8,6.5,69.17,0.1,1450
Honduras,275,1,7,6.33,6.17,6.5,6.67,6.17,8,8,8,6.33,69.17,0.1,1450
Mexico,12,1,7.08,6.83,6.25,7.42,7.25,6.75,10,0,10,6.75,68.33,0.11,900
Haiti,1,2,6.75,6.58,6.42,6.67,7.08,6.67,9.33,6,6,6.42,67.92,0.14,350
Nicaragua,550,69,7.25,6.58,6.33,6.25,6.42,6.08,6,6,6,6.17,63.08,0.13,1100
Guatemala,275,1,7.5,6.67,6.67,7.67,7.33,6.67,8,1.33,1.33,6.67,59.83,0.1,1417.32
Honduras,275,69,0,0,0,0,0,0,0,0,0,0,0,0.12,1400
